date,no2,o3,pm25,pm10,temperature,humidity
2020-01-01,14.0,4.0,37.0,65.0,7.0,49.0
2020-01-02,14.0,4.0,37.0,65.0,6.0,50.0
2020-01-03,14.0,4.0,56.0,101.0,6.0,48.0
2020-01-04,14.0,4.0,89.0,150.0,6.0,47.0
2020-01-05,14.0,4.0,19.0,33.0,6.0,52.0
2020-01-06,14.0,4.0,7.0,13.0,4.0,45.0
2020-01-07,14.0,4.0,21.0,34.0,4.0,44.0
2020-01-08,14.0,4.0,38.0,70.0,4.0,40.0
2020-01-09,14.0,4.0,59.0,105.0,4.0,46.0
2020-01-10,14.0,4.0,88.0,148.0,6.0,47.0
2020-01-11,14.0,4.0,75.0,132.0,7.0,55.0
2020-01-12,14.0,4.0,43.0,66.0,7.0,72.0
2020-01-13,14.0,4.0,43.0,88.0,6.0,73.0
2020-01-14,14.0,4.0,26.0,49.0,5.0,71.0
2020-01-15,15.0,4.0,29.0,60.0,4.0,71.0
2020-01-16,22.0,9.0,39.0,73.0,4.0,69.0
2020-01-17,25.0,6.0,65.0,117.0,5.0,66.0
2020-01-18,20.0,8.0,41.0,81.0,4.0,70.0
2020-01-19,19.0,24.0,38.0,65.0,6.0,63.0
2020-01-20,19.0,30.0,19.0,34.0,5.0,54.0
2020-01-21,24.0,20.0,39.0,71.0,4.0,52.0
2020-01-22,38.0,8.0,78.0,138.0,4.0,54.0
2020-01-23,29.0,21.0,61.0,108.0,5.0,53.0
2020-01-24,33.0,13.0,61.0,108.0,4.0,52.0
2020-01-25,41.0,14.0,85.0,145.0,5.0,53.0
2020-01-26,38.0,14.0,105.0,167.0,7.0,58.0
2020-01-27,48.0,3.0,110.0,166.0,9.0,72.0
2020-01-28,32.0,5.0,77.0,133.0,9.0,72.0
2020-01-29,35.0,8.0,53.0,83.0,9.0,75.0
2020-01-30,37.0,21.0,17.0,31.0,8.0,58.0
2020-01-31,42.0,13.0,38.0,65.0,7.0,56.0
2020-02-01,43.0,13.0,49.0,80.0,9.0,58.0
2020-02-02,40.0,14.0,47.0,75.0,11.0,61.0
2020-02-03,45.0,11.0,43.0,69.0,12.0,60.0
2020-02-04,27.0,16.0,25.0,43.0,13.0,61.0
2020-02-05,14.0,30.0,3.0,6.0,5.0,70.0
2020-02-06,12.0,41.0,7.0,14.0,3.0,52.0
2020-02-07,18.0,38.0,10.0,18.0,6.0,46.0
2020-02-08,20.0,34.0,18.0,30.0,9.0,49.0
2020-02-09,24.0,21.0,43.0,69.0,7.0,54.0
2020-02-10,36.0,13.0,60.0,99.0,7.0,58.0
2020-02-11,35.0,18.0,51.0,81.0,9.0,61.0
2020-02-12,24.0,28.0,12.0,21.0,10.0,57.0
2020-02-13,25.0,24.0,21.0,40.0,9.0,53.0
2020-02-14,32.0,3.0,42.0,71.0,8.0,69.0
2020-02-15,22.0,27.0,12.0,22.0,11.0,58.0
2020-02-16,23.0,21.0,27.0,48.0,9.0,55.0
2020-02-17,30.0,16.0,39.0,67.0,10.0,54.0
2020-02-18,33.0,23.0,32.0,58.0,12.0,55.0
2020-02-19,24.0,31.0,14.0,26.0,13.0,47.0
2020-02-20,16.0,35.0,9.0,16.0,9.0,54.0
2020-02-21,13.0,46.0,9.0,17.0,11.0,41.0
2020-02-22,17.0,37.0,13.0,23.0,9.0,46.0
2020-02-23,23.0,23.0,36.0,60.0,9.0,48.0
2020-02-24,29.0,22.0,30.0,55.0,10.0,49.0
2020-02-25,28.0,24.0,19.0,35.0,11.0,46.0
2020-02-26,22.0,34.0,17.0,33.0,14.0,49.0
2020-02-27,13.0,46.0,8.0,18.0,10.0,51.0
2020-02-28,18.0,29.0,13.0,23.0,7.0,54.0
2020-02-29,13.0,49.0,12.0,21.0,10.0,35.0
2020-03-01,25.0,28.0,25.0,45.0,10.0,41.0
2020-03-02,24.0,42.0,15.0,27.0,15.0,44.0
2020-03-03,19.0,47.0,11.0,23.0,16.0,54.0
2020-03-04,17.0,41.5,5.0,9.0,13.0,69.0
2020-03-05,15.0,36.0,12.0,19.0,12.0,49.0
2020-03-06,27.0,17.0,24.0,39.0,10.0,54.0
2020-03-07,23.0,14.0,27.0,38.0,11.0,73.0
2020-03-08,15.0,35.0,6.0,9.0,10.0,66.0
2020-03-09,11.0,35.0,13.0,20.0,11.0,59.0
2020-03-10,20.0,37.0,9.0,13.0,10.0,60.0
2020-03-11,24.0,27.0,28.0,43.0,12.0,56.0
2020-03-12,25.0,23.0,26.0,43.0,16.0,52.0
2020-03-13,24.0,29.0,15.0,27.0,18.0,49.0
2020-03-14,10.0,52.0,6.0,11.0,17.0,43.0
2020-03-15,12.0,31.0,9.0,14.0,11.0,61.0
2020-03-16,14.0,35.0,10.0,16.0,12.0,49.0
2020-03-17,20.0,27.0,18.0,30.0,12.0,44.0
2020-03-18,15.0,48.0,19.0,32.0,14.0,38.0
2020-03-19,16.0,45.0,18.0,30.0,15.0,34.0
2020-03-20,23.0,37.0,20.0,35.0,16.0,36.0
2020-03-21,16.0,42.0,18.0,31.0,17.0,40.0
2020-03-22,8.0,39.0,19.0,29.0,14.0,49.0
2020-03-23,8.0,35.0,10.0,16.0,5.0,64.0
2020-03-24,11.0,34.0,19.0,29.0,5.0,66.0
2020-03-25,21.0,15.0,33.0,49.0,6.0,68.0
2020-03-26,21.0,17.0,30.0,43.0,9.0,67.0
2020-03-27,17.0,23.0,22.0,41.0,12.0,65.0
2020-03-28,12.0,25.0,18.0,36.0,12.0,70.0
2020-03-29,13.5,50.0,19.0,40.0,14.0,55.0
2020-03-30,15.0,57.0,21.0,37.0,15.0,46.0
2020-03-31,21.5,48.5,18.0,27.0,11.0,45.0
2020-04-01,28.0,40.0,11.0,17.0,5.0,64.0
2020-04-02,19.0,50.0,14.0,20.0,8.0,57.0
2020-04-03,15.0,48.0,20.0,29.0,10.0,56.0
2020-04-04,18.0,37.0,19.0,25.0,11.0,68.0
2020-04-05,15.0,62.0,12.0,19.0,12.0,68.0
2020-04-06,16.0,66.0,11.0,17.0,14.0,44.0
2020-04-07,13.0,60.0,6.0,11.0,15.0,32.0
2020-04-08,18.0,52.0,8.0,15.0,16.0,31.0
2020-04-09,17.0,54.0,10.0,19.0,17.0,33.0
2020-04-10,21.0,65.0,16.0,25.0,19.0,32.0
2020-04-11,8.0,73.0,11.0,16.0,20.0,32.0
2020-04-12,6.0,71.0,10.0,15.0,19.0,38.0
2020-04-13,12.0,72.0,13.0,19.0,19.0,38.0
2020-04-14,18.0,52.0,13.0,20.0,15.0,48.0
2020-04-15,11.0,55.0,6.0,10.0,12.0,45.0
2020-04-16,13.0,50.0,10.0,16.0,14.0,42.0
2020-04-17,12.0,48.0,10.0,15.0,18.0,43.0
2020-04-18,8.0,55.0,9.0,14.0,21.0,40.0
2020-04-19,7.0,55.0,9.0,13.0,21.0,41.0
2020-04-20,7.0,56.0,9.0,15.0,20.0,50.0
2020-04-21,10.0,44.0,8.0,41.0,14.0,74.0
2020-04-22,8.0,50.0,7.0,21.0,12.0,70.0
2020-04-23,10.0,43.0,11.0,15.0,15.0,53.0
2020-04-24,15.0,48.0,11.0,17.0,17.0,46.0
2020-04-25,11.0,60.0,9.0,14.0,18.0,41.0
2020-04-26,7.0,72.0,8.0,13.0,20.0,41.0
2020-04-27,14.0,68.0,8.0,12.0,21.0,44.0
2020-04-28,13.0,58.0,9.0,14.0,21.0,47.0
2020-04-29,16.0,49.0,7.0,11.0,20.0,51.0
2020-04-30,16.0,44.0,5.0,8.0,20.0,50.0
2020-05-01,9.0,50.0,5.0,9.0,20.0,49.0
2020-05-02,12.0,38.0,7.0,11.0,17.0,62.0
2020-05-03,7.0,57.0,3.0,6.0,18.0,54.0
2020-05-04,10.0,65.0,4.0,6.0,18.0,41.0
2020-05-05,14.0,57.0,6.0,10.0,18.0,43.0
2020-05-06,23.0,42.0,6.0,10.0,16.0,59.0
2020-05-07,15.0,43.0,7.0,10.0,15.0,54.0
2020-05-08,16.0,59.0,6.0,10.0,18.0,44.0
2020-05-09,11.0,60.0,6.0,10.0,21.0,43.0
2020-05-10,8.0,60.0,7.0,11.0,22.0,51.0
2020-05-11,10.0,65.0,7.0,11.0,23.0,52.0
2020-05-12,15.0,65.0,6.0,10.0,24.0,45.0
2020-05-13,11.0,56.0,6.0,10.0,24.0,50.0
2020-05-14,12.0,55.0,8.0,18.0,25.0,53.0
2020-05-15,21.0,52.0,10.0,26.0,28.0,42.0
2020-05-16,18.0,52.0,13.0,29.0,26.0,42.0
2020-05-17,12.0,52.0,13.0,27.0,27.0,52.0
2020-05-18,14.0,48.0,12.0,23.0,27.0,53.0
2020-05-19,11.0,53.0,12.0,23.0,27.0,55.0
2020-05-20,11.0,62.0,9.0,19.0,27.0,54.0
2020-05-21,18.0,48.0,7.0,10.0,18.0,66.0
2020-05-22,15.0,73.0,4.0,7.0,21.0,39.0
2020-05-23,20.0,50.0,6.0,10.0,19.0,51.0
2020-05-24,7.0,56.0,7.0,10.0,20.0,56.0
2020-05-25,5.0,61.0,5.0,8.0,20.0,46.0
2020-05-26,19.0,45.0,4.0,8.0,17.0,58.0
2020-05-27,18.0,55.0,6.0,8.0,19.0,53.0
2020-05-28,25.0,50.0,5.0,8.0,18.0,58.0
2020-05-29,23.0,51.0,5.0,8.0,19.0,55.0
2020-05-30,17.0,64.0,6.0,10.0,20.0,51.0
2020-05-31,16.0,52.0,8.0,10.0,18.0,58.0
2020-06-01,17.0,47.0,6.0,10.0,19.0,52.0
2020-06-02,20.0,45.0,5.0,9.0,19.0,54.0
2020-06-03,18.0,47.0,5.0,8.0,19.0,48.0
2020-06-04,19.0,49.0,4.0,9.0,21.0,46.0
2020-06-05,7.0,64.0,4.0,7.0,23.0,47.0
2020-06-06,3.0,74.0,4.0,7.0,23.0,56.0
2020-06-07,5.0,60.0,4.0,7.0,24.0,51.0
2020-06-08,24.0,43.0,6.0,11.0,24.0,51.0
2020-06-09,21.0,40.0,5.0,11.0,24.0,56.0
2020-06-10,20.0,40.0,5.0,10.0,24.0,62.0
2020-06-11,18.0,44.0,4.0,9.0,21.0,69.0
2020-06-12,18.0,38.0,4.0,9.0,22.0,59.0
2020-06-13,17.0,47.0,6.0,10.0,25.0,55.0
2020-06-14,21.0,51.0,6.0,9.0,27.0,51.0
2020-06-15,32.0,50.0,4.0,7.0,26.0,43.0
2020-06-16,29.0,47.0,4.0,7.0,25.0,54.0
2020-06-17,23.0,43.0,4.0,7.0,23.0,63.0
2020-06-18,28.0,38.0,5.0,9.0,25.0,55.0
2020-06-19,30.0,51.0,3.0,7.0,26.0,45.0
2020-06-20,25.0,49.0,4.0,8.0,25.0,47.0
2020-06-21,19.0,52.0,5.0,8.0,23.0,54.0
2020-06-22,25.0,33.0,7.0,10.0,23.0,60.0
2020-06-23,28.0,20.0,4.0,6.0,21.0,76.0
2020-06-24,39.0,38.0,9.0,12.0,23.0,64.0
2020-06-25,21.0,46.0,11.0,13.0,26.0,58.0
2020-06-26,23.0,44.0,9.0,12.0,28.0,54.0
2020-06-27,21.0,54.0,10.0,14.0,28.0,54.0
2020-06-28,24.0,53.0,10.0,14.0,29.0,52.0
2020-06-29,32.0,53.0,9.0,14.0,30.0,47.0
2020-06-30,33.0,51.0,9.0,14.0,30.0,47.0
2020-07-01,20.0,69.0,6.0,10.0,30.0,41.0
2020-07-02,23.0,67.0,9.0,13.0,31.0,48.0
2020-07-03,24.0,68.0,11.0,16.0,29.0,59.0
2020-07-04,20.0,61.0,10.0,13.0,28.0,57.0
2020-07-05,17.0,70.0,18.0,22.0,29.0,55.0
2020-07-06,22.0,65.0,14.0,21.0,29.0,53.0
2020-07-07,18.0,64.0,16.0,23.0,25.0,54.0
2020-07-08,22.0,70.0,12.0,16.0,25.0,42.0
2020-07-09,22.0,66.0,5.0,10.0,26.0,43.0
2020-07-10,21.0,73.0,22.0,37.0,28.0,43.0
2020-07-11,21.0,69.0,42.0,16.0,29.0,45.0
2020-07-12,15.0,61.0,50.0,19.0,27.0,52.0
2020-07-13,17.0,70.0,34.0,7.0,25.0,40.0
2020-07-14,16.0,71.0,38.0,10.0,25.0,42.0
2020-07-15,13.0,84.0,7.0,12.0,27.0,46.0
2020-07-16,22.0,74.0,7.0,13.0,27.0,47.0
2020-07-17,20.0,73.0,11.0,15.0,26.0,53.0
2020-07-18,17.0,49.0,9.0,12.0,23.0,67.0
2020-07-19,16.0,54.0,9.0,13.0,25.0,58.0
2020-07-20,19.0,69.0,36.0,11.0,26.0,49.0
2020-07-21,21.0,68.0,8.0,11.0,27.0,49.0
2020-07-22,24.0,72.0,9.0,12.0,29.0,48.0
2020-07-23,22.0,80.0,8.0,13.0,30.0,46.0
2020-07-24,20.0,65.0,9.0,14.0,28.0,55.0
2020-07-25,20.0,57.0,9.0,13.0,27.0,61.0
2020-07-26,16.0,60.0,8.0,11.0,26.0,58.0
2020-07-27,19.0,63.0,11.0,14.0,28.0,53.0
2020-07-28,25.0,66.0,7.0,10.0,29.0,48.0
2020-07-29,25.0,71.0,8.0,11.0,30.0,45.0
2020-07-30,27.0,66.0,7.0,9.0,31.0,40.0
2020-07-31,23.0,66.0,8.0,13.0,31.0,45.0
2020-08-01,20.0,65.0,9.0,12.0,29.0,55.0
2020-08-02,19.0,85.0,4.0,7.0,29.0,39.0
2020-08-03,14.0,77.0,7.0,10.0,29.0,45.0
2020-08-04,17.0,72.0,8.0,11.0,28.0,57.0
2020-08-05,15.0,59.0,6.0,9.0,23.0,72.0
2020-08-06,28.0,31.0,7.0,10.0,21.0,81.0
2020-08-07,25.0,35.0,7.0,11.0,22.0,76.0
2020-08-08,24.0,43.0,10.0,15.0,24.0,74.0
2020-08-09,23.0,61.0,10.0,14.0,26.0,67.0
2020-08-10,25.0,49.0,18.0,23.0,27.0,60.0
2020-08-11,23.0,59.0,10.0,14.0,29.0,56.0
2020-08-12,26.0,56.0,16.0,22.0,27.0,60.0
2020-08-13,26.0,60.0,47.0,89.0,28.0,60.0
2020-08-14,23.0,57.0,31.0,63.0,28.0,58.0
2020-08-15,19.0,61.0,12.0,17.0,27.0,63.0
2020-08-16,19.0,67.0,7.0,12.0,26.0,63.0
2020-08-17,17.0,56.0,11.0,16.0,27.0,65.0
2020-08-18,19.0,53.0,11.0,15.0,27.0,66.0
2020-08-19,22.0,56.666666666666664,5.0,9.0,25.0,65.0
2020-08-20,25.0,60.333333333333336,4.0,6.0,25.0,59.0
2020-08-21,28.0,64.0,7.0,10.0,27.0,56.0
2020-08-22,22.0,61.0,8.0,12.0,28.0,56.0
2020-08-23,19.0,65.0,10.0,14.0,28.0,57.0
2020-08-24,27.0,62.0,16.0,20.0,29.0,59.0
2020-08-25,26.0,48.0,13.0,18.0,25.0,68.0
2020-08-26,25.0,56.0,8.0,12.0,25.0,59.0
2020-08-27,33.0,46.0,7.0,12.0,26.0,57.0
2020-08-28,19.0,58.0,6.0,9.0,27.0,59.0
2020-08-29,19.0,56.0,8.0,12.0,28.0,56.0
2020-08-30,22.0,56.0,7.0,11.0,28.0,52.0
2020-08-31,33.0,50.0,8.0,13.0,28.0,53.0
2020-09-01,27.0,52.0,8.0,14.0,28.0,52.0
2020-09-02,26.0,65.0,6.0,10.0,26.0,52.0
2020-09-03,29.0,58.0,5.0,9.0,25.0,53.0
2020-09-04,24.0,69.0,5.0,8.0,24.0,49.0
2020-09-05,24.0,69.0,5.0,8.0,24.0,47.0
2020-09-06,24.0,60.0,6.0,10.0,24.0,49.0
2020-09-07,25.0,54.0,7.0,11.0,26.0,53.0
2020-09-08,25.0,54.0,13.0,17.0,27.0,56.0
2020-09-09,27.0,54.0,16.0,20.0,27.0,56.0
2020-09-10,27.0,43.0,14.0,18.0,27.0,55.0
2020-09-11,30.0,53.0,12.0,15.0,27.0,45.0
2020-09-12,29.0,43.0,12.0,16.0,27.0,47.0
2020-09-13,26.0,48.0,8.0,12.0,27.0,45.0
2020-09-14,30.0,45.0,9.0,14.0,27.0,45.0
2020-09-15,35.0,40.0,12.0,17.0,27.0,44.0
2020-09-16,28.0,38.0,11.0,16.0,26.0,47.0
2020-09-17,26.0,33.0,9.0,14.0,26.0,49.0
2020-09-18,35.0,31.0,9.0,15.0,26.0,52.0
2020-09-19,24.0,49.0,10.0,15.0,25.0,43.0
2020-09-20,23.0,41.0,12.0,16.0,24.0,50.0
2020-09-21,27.0,35.0,10.0,14.0,23.0,49.0
2020-09-22,30.0,31.0,12.0,18.0,23.0,56.0
2020-09-23,26.0,24.0,15.0,21.0,22.0,67.0
2020-09-24,23.0,26.0,13.0,18.0,23.0,68.0
2020-09-25,26.0,27.0,9.0,15.0,23.0,64.0
2020-09-26,24.0,36.0,4.0,8.0,21.0,62.0
2020-09-27,15.0,45.0,3.0,5.0,20.0,53.0
2020-09-28,24.0,38.0,5.0,9.0,22.0,63.0
2020-09-29,25.0,29.0,4.0,7.0,21.0,61.0
2020-09-30,26.0,28.0,5.0,8.0,20.0,54.0
2020-10-01,28.0,23.0,6.0,10.0,19.0,56.0
2020-10-02,27.0,31.0,8.0,13.0,20.0,57.0
2020-10-03,23.0,37.0,8.0,14.0,23.0,62.0
2020-10-04,18.0,34.0,10.0,18.0,24.0,65.0
2020-10-05,31.0,21.0,10.0,22.0,25.0,67.0
2020-10-06,33.0,15.0,8.0,22.0,24.0,70.0
2020-10-07,25.0,12.0,12.0,22.0,21.0,76.0
2020-10-08,26.0,24.0,4.0,8.0,19.0,64.0
2020-10-09,21.0,40.0,5.0,10.0,21.0,54.0
2020-10-10,28.0,26.0,9.0,17.0,20.0,59.0
2020-10-11,25.0,25.0,11.0,17.0,20.0,63.0
2020-10-12,22.0,25.0,14.0,20.0,19.0,73.0
2020-10-13,28.0,32.0,3.0,7.0,19.0,63.0
2020-10-14,31.0,28.0,4.0,9.0,19.0,54.0
2020-10-15,31.0,22.0,8.0,16.0,18.0,65.0
2020-10-16,31.0,16.0,7.0,12.0,18.0,80.0
2020-10-17,26.0,21.0,9.0,16.0,18.0,67.0
2020-10-18,23.0,24.0,8.0,12.0,15.0,63.0
2020-10-19,28.0,24.0,10.0,16.0,15.0,58.0
2020-10-20,32.0,19.0,16.0,24.0,14.0,60.0
2020-10-21,35.0,17.0,19.0,29.0,14.0,63.0
2020-10-22,40.0,17.0,22.0,31.0,15.0,63.0
2020-10-23,37.0,17.0,25.0,37.0,15.0,61.0
2020-10-24,40.0,15.0,37.0,54.0,15.0,68.0
2020-10-25,21.0,14.0,40.0,53.0,16.0,76.0
2020-10-26,21.0,13.0,29.0,46.0,15.0,76.0
2020-10-27,26.0,9.0,42.0,68.0,13.0,77.0
2020-10-28,27.0,11.0,37.0,59.0,14.0,76.0
2020-10-29,26.0,15.0,31.0,47.0,16.0,71.0
2020-10-30,23.0,24.0,18.0,27.0,17.0,60.0
2020-10-31,21.0,20.0,15.0,24.0,16.0,62.0
2020-11-01,17.0,27.0,13.0,21.0,18.0,60.0
2020-11-02,25.0,14.0,28.0,43.0,15.0,65.0
2020-11-03,33.0,10.0,37.0,55.0,17.0,71.0
2020-11-04,31.0,13.0,31.0,45.0,18.0,69.0
2020-11-05,22.0,15.0,25.0,36.0,17.0,69.0
2020-11-06,22.0,19.0,14.0,22.0,16.0,60.0
2020-11-07,22.0,13.0,24.0,39.0,12.0,67.0
2020-11-08,22.0,12.0,40.0,64.0,11.0,69.0
2020-11-09,29.0,11.0,58.0,94.0,10.0,71.0
2020-11-10,26.0,10.0,55.0,89.0,9.0,71.0
2020-11-11,26.0,9.0,73.0,127.0,8.0,74.0
2020-11-12,33.0,7.0,86.0,145.0,9.0,74.0
2020-11-13,32.0,9.0,85.0,134.0,9.0,72.0
2020-11-14,30.0,11.0,73.0,113.0,10.0,70.0
2020-11-15,29.0,14.0,61.0,94.0,10.0,66.0
2020-11-16,31.0,12.0,60.0,91.0,11.0,68.0
2020-11-17,35.0,13.0,59.0,89.0,12.0,68.0
2020-11-18,25.0,15.0,29.0,44.0,13.0,67.0
2020-11-19,24.0,16.0,30.0,47.0,13.0,60.0
2020-11-20,26.0,14.0,32.0,50.0,10.0,60.0
2020-11-21,21.0,23.0,15.0,24.0,8.0,59.0
2020-11-22,20.0,21.0,34.0,50.0,9.0,53.0
2020-11-23,31.0,14.0,55.0,86.0,8.0,59.0
2020-11-24,29.0,14.0,57.0,91.0,8.0,60.0
2020-11-25,34.0,12.0,59.0,98.0,6.0,62.0
2020-11-26,39.0,12.0,78.0,125.0,6.0,60.0
2020-11-27,47.0,11.0,89.0,139.0,7.0,58.0
2020-11-28,46.0,11.0,102.0,158.0,7.0,58.0
2020-11-29,29.0,15.0,76.0,120.0,7.0,62.0
2020-11-30,23.0,15.0,22.0,36.0,5.0,65.0
2020-12-01,28.0,15.0,41.0,69.0,4.0,57.0
2020-12-02,37.0,12.0,65.0,104.0,5.0,62.0
2020-12-03,29.0,10.0,60.0,97.0,8.0,75.0
2020-12-04,20.0,27.0,31.0,44.0,11.0,74.0
2020-12-05,28.0,11.0,49.0,80.0,11.0,72.0
2020-12-06,22.0,18.0,45.0,69.0,10.0,73.0
2020-12-07,21.0,15.0,29.0,45.0,12.0,78.0
2020-12-08,20.0,12.0,28.0,43.0,10.0,77.0
2020-12-09,23.0,8.0,34.0,48.0,10.0,81.0
2020-12-10,26.0,9.0,32.0,48.0,11.0,78.0
2020-12-11,26.0,9.0,45.0,67.0,9.0,74.0
2020-12-12,25.0,11.0,45.0,64.0,11.0,77.0
2020-12-13,14.0,25.0,31.0,43.0,10.0,74.0
2020-12-14,16.0,27.0,11.0,17.0,8.0,69.0
2020-12-15,20.0,29.0,26.0,40.0,9.0,66.0
2020-12-16,23.0,9.0,53.0,92.0,6.0,76.0
2020-12-17,28.0,13.0,41.0,62.0,9.0,76.0
2020-12-18,21.0,18.0,27.0,46.0,8.0,74.0
2020-12-19,20.5,20.0,28.0,60.0,7.0,77.0
2020-12-20,20.0,22.0,25.0,40.0,7.0,73.0
2020-12-21,21.0,20.0,26.0,43.0,8.0,75.0
2020-12-22,21.0,17.0,33.0,52.0,7.0,75.0
2020-12-23,26.0,17.0,63.0,105.0,7.0,76.0
2020-12-24,25.88,17.16,79.0,165.0,6.0,77.0
2020-12-25,25.76,17.32,114.0,211.0,7.0,79.0
2020-12-26,25.64,17.48,62.0,92.0,9.0,78.0
2020-12-27,25.52,17.64,27.0,53.0,6.0,79.0
2020-12-28,25.4,17.8,38.0,62.0,8.0,78.0
2020-12-29,25.28,17.96,23.0,35.0,11.0,71.0
2020-12-30,25.16,18.12,10.0,22.0,13.0,66.0
2020-12-31,25.04,18.28,10.0,18.0,12.0,65.0
2021-01-01,24.92,18.44,31.0,47.0,9.0,63.0
2021-01-02,24.8,18.6,43.0,64.0,8.0,64.0
2021-01-03,24.68,18.76,52.0,72.0,10.0,74.0
2021-01-04,24.56,18.92,32.0,43.0,10.0,79.0
2021-01-05,24.44,19.08,44.0,79.0,8.0,77.0
2021-01-06,24.32,19.240000000000002,44.0,74.0,10.0,75.0
2021-01-07,24.2,19.4,23.0,31.0,10.0,76.0
2021-01-08,24.08,19.56,21.0,34.0,9.0,79.0
2021-01-09,23.96,19.72,13.0,22.0,7.0,72.0
2021-01-10,23.84,19.88,26.0,36.0,6.0,78.0
2021-01-11,23.72,20.04,21.0,43.0,7.0,76.0
2021-01-12,23.6,20.2,17.0,27.0,6.0,71.0
2021-01-13,23.48,20.36,26.0,41.0,6.0,68.0
2021-01-14,23.36,20.52,15.0,26.0,3.0,62.0
2021-01-15,23.240000000000002,20.68,12.0,20.0,4.0,53.0
2021-01-16,23.12,20.84,13.0,21.0,3.0,51.0
2021-01-17,23.0,21.0,19.0,30.0,2.0,50.0
2021-01-18,22.88,21.16,18.0,31.0,2.0,48.0
2021-01-19,22.76,21.32,43.0,72.0,1.0,53.0
2021-01-20,22.64,21.48,66.0,109.0,2.0,57.0
2021-01-21,22.52,21.64,80.0,126.0,4.0,61.0
2021-01-22,22.4,21.8,86.0,130.0,6.0,70.0
2021-01-23,22.28,21.96,43.0,62.0,9.0,76.0
2021-01-24,22.16,22.12,33.0,52.0,8.0,75.0
2021-01-25,22.04,22.28,15.0,25.0,11.0,53.0
2021-01-26,21.92,22.44,7.0,11.0,7.0,67.0
2021-01-27,21.8,22.6,7.0,13.0,4.0,58.0
2021-01-28,21.68,22.759999999999998,17.0,29.0,6.0,47.0
2021-01-29,21.560000000000002,22.92,40.0,61.0,6.0,55.0
2021-01-30,21.44,23.08,23.0,34.0,10.0,68.0
2021-01-31,21.32,23.240000000000002,33.0,47.0,9.0,72.0
2021-02-01,21.2,23.4,25.0,37.0,10.0,77.0
2021-02-02,21.08,23.560000000000002,33.0,46.0,11.0,74.0
2021-02-03,20.96,23.72,41.0,64.0,10.0,71.0
2021-02-04,20.84,23.88,44.0,69.0,11.0,69.0
2021-02-05,20.72,24.04,44.0,66.0,11.0,68.0
2021-02-06,20.6,24.2,50.0,74.0,11.0,69.0
2021-02-07,20.48,24.36,73.0,106.0,9.0,73.0
2021-02-08,20.36,24.52,41.0,61.0,11.0,77.0
2021-02-09,20.240000000000002,24.68,38.0,52.0,9.0,78.0
2021-02-10,20.12,24.84,29.0,44.0,11.0,70.0
2021-02-11,20.0,25.0,12.0,20.0,10.0,73.0
2021-02-12,19.0,53.0,14.0,23.0,4.0,47.0
2021-02-13,17.0,52.0,12.0,19.0,-1.0,60.0
2021-02-14,13.0,64.0,15.0,23.0,-2.0,64.0
2021-02-15,28.0,46.0,33.0,52.0,1.0,57.0
2021-02-16,38.0,34.0,57.0,92.0,1.0,52.0
2021-02-17,38.0,39.0,60.0,91.0,3.0,51.0
2021-02-18,42.0,26.0,63.0,93.0,7.0,57.0
2021-02-19,29.0,22.0,45.0,68.0,7.0,60.0
2021-02-20,33.0,14.0,57.0,83.0,7.0,68.0
2021-02-21,22.0,26.0,39.0,56.0,10.0,67.0
2021-02-22,30.0,21.0,41.0,61.0,10.0,61.0
2021-02-23,39.0,22.0,51.0,84.0,12.0,56.0
2021-02-24,35.0,25.5,37.0,57.0,13.0,55.0
2021-02-25,31.0,29.0,39.0,66.0,14.0,55.0
2021-02-26,27.0,32.5,31.0,58.0,14.0,55.0
2021-02-27,23.0,36.0,35.0,59.0,14.0,53.0
2021-02-28,15.0,57.0,12.0,18.0,12.0,40.0
2021-03-01,24.0,44.0,18.0,28.0,10.0,43.0
2021-03-02,27.0,39.0,23.0,35.0,11.0,45.0
2021-03-03,31.0,37.0,26.0,42.0,12.0,42.0
2021-03-04,32.0,32.0,30.0,50.0,12.0,43.0
2021-03-05,33.0,33.0,29.0,47.0,13.0,39.0
2021-03-06,19.0,42.0,13.0,21.0,10.0,47.0
2021-03-07,17.0,55.0,21.0,31.0,9.0,37.0
2021-03-08,27.0,20.0,33.0,49.0,8.0,60.0
2021-03-09,28.0,30.0,33.0,47.0,9.0,66.0
2021-03-10,21.0,32.0,18.0,25.0,7.0,70.0
2021-03-11,19.0,58.0,17.0,26.0,7.0,49.0
2021-03-12,18.0,36.0,27.0,41.0,9.0,53.0
2021-03-13,28.0,25.0,34.0,52.0,11.0,58.0
2021-03-14,19.0,36.0,25.0,36.0,13.0,56.0
2021-03-15,18.0,32.0,12.0,18.0,10.0,65.0
2021-03-16,10.0,64.0,5.0,8.0,9.0,46.0
2021-03-17,9.0,62.0,6.0,9.0,9.0,41.0
2021-03-18,18.0,47.0,13.0,18.0,9.0,47.0
2021-03-19,21.0,43.0,19.0,26.0,9.0,49.0
2021-03-20,19.0,29.0,27.0,38.0,7.0,65.0
2021-03-21,17.0,20.0,34.0,47.0,5.0,73.0
2021-03-22,26.0,30.0,23.0,30.0,4.0,73.0
2021-03-23,17.0,50.0,10.0,15.0,6.0,59.0
2021-03-24,14.0,52.0,13.0,17.0,7.0,59.0
2021-03-25,18.0,47.0,18.0,27.0,8.0,49.0
2021-03-26,23.0,51.0,19.0,29.0,10.0,44.0
2021-03-27,24.0,43.0,24.0,37.0,11.0,46.0
2021-03-28,18.0,36.0,19.0,28.0,13.0,51.0
2021-03-29,24.0,36.0,16.0,23.0,15.0,49.0
2021-03-30,24.0,50.0,7.0,13.0,16.0,39.0
2021-03-31,27.0,49.0,9.0,15.0,16.0,37.0
2021-04-01,32.0,42.0,10.0,17.0,18.0,39.0
2021-04-02,23.5,16.0,13.0,20.0,17.0,51.0
2021-04-03,15.0,30.0,9.0,15.0,16.0,56.0
2021-04-04,15.666666666666666,43.0,7.0,10.0,9.0,66.0
2021-04-05,16.333333333333332,30.0,12.0,19.0,11.0,50.0
2021-04-06,17.0,30.0,10.0,17.0,13.0,51.0
2021-04-07,7.0,39.0,7.0,11.0,8.0,61.0
2021-04-08,6.0,55.0,7.0,12.0,9.0,44.0
2021-04-09,14.0,40.0,10.0,18.0,10.0,39.0
2021-04-10,21.0,38.0,11.0,19.0,12.0,39.0
2021-04-11,19.0,33.0,10.0,18.0,14.0,41.0
2021-04-12,24.0,31.0,9.0,17.0,18.0,46.0
2021-04-13,29.0,24.0,9.0,16.0,17.0,60.0
2021-04-14,7.0,33.0,5.0,9.0,13.0,58.0
2021-04-15,7.5,31.0,7.0,12.0,12.0,46.0
2021-04-16,8.0,47.0,9.0,15.0,12.0,42.0
2021-04-17,22.0,24.0,19.0,30.0,10.0,70.0
2021-04-18,15.0,16.0,21.0,34.0,12.0,70.0
2021-04-19,12.0,20.0,16.0,23.0,12.0,70.0
2021-04-20,12.5,30.0,10.0,14.0,13.0,61.0
2021-04-21,13.0,31.0,10.0,17.0,14.0,52.0
2021-04-22,15.0,32.0,8.0,14.0,15.0,54.0
2021-04-23,16.5,30.833333333333332,13.0,17.0,14.0,72.0
2021-04-24,18.0,29.666666666666668,10.0,17.0,15.0,49.0
2021-04-25,19.5,28.5,8.0,14.0,17.0,45.0
2021-04-26,21.0,27.333333333333332,7.0,13.0,18.0,45.0
2021-04-27,22.5,26.166666666666664,7.0,12.0,20.0,51.0
2021-04-28,24.0,25.0,11.0,19.0,19.0,60.0
2021-04-29,24.0,26.0,14.0,26.0,21.0,59.0
2021-04-30,21.0,34.0,7.0,16.0,24.0,50.0
2021-05-01,20.0,22.0,11.0,23.0,21.0,63.0
2021-05-02,16.0,37.0,10.0,24.0,24.0,51.0
2021-05-03,11.0,54.0,5.0,12.0,23.0,40.0
2021-05-04,16.0,52.0,8.0,14.0,21.0,47.0
2021-05-05,20.0,39.0,5.0,12.0,22.0,48.0
2021-05-06,26.0,40.0,5.0,10.0,22.0,44.0
2021-05-07,28.0,30.0,6.0,13.0,21.0,49.0
2021-05-08,11.0,50.0,5.0,10.0,18.0,48.0
2021-05-09,16.0,52.0,5.0,9.0,19.0,44.0
2021-05-10,25.0,37.0,7.0,12.0,21.0,52.0
2021-05-11,27.0,38.0,8.0,14.0,23.0,52.0
2021-05-12,22.0,42.0,7.0,12.0,22.0,55.0
2021-05-13,22.53846153846154,41.92307692307692,4.0,9.0,20.0,49.0
2021-05-14,23.076923076923077,41.84615384615385,2.0,7.0,20.0,51.0
2021-05-15,23.615384615384617,41.76923076923077,5.0,10.0,18.0,59.0
2021-05-16,24.153846153846153,41.69230769230769,4.0,8.0,20.0,54.0
2021-05-17,24.692307692307693,41.61538461538461,4.0,9.0,21.0,55.0
2021-05-18,25.23076923076923,41.53846153846154,4.0,9.0,22.0,48.0
2021-05-19,25.76923076923077,41.46153846153846,4.0,10.0,21.0,41.0
2021-05-20,26.307692307692307,41.38461538461539,2.0,7.0,19.0,55.0
2021-05-21,26.846153846153847,41.30769230769231,3.0,7.0,19.0,52.0
2021-05-22,27.384615384615383,41.23076923076923,7.0,12.0,20.0,55.0
2021-05-23,27.923076923076923,41.15384615384615,5.0,10.0,23.0,51.0
2021-05-24,28.46153846153846,41.07692307692308,6.0,13.0,26.0,52.0
2021-05-25,29.0,41.0,8.0,15.0,27.0,52.0
2021-05-26,14.0,52.0,8.0,15.0,25.0,51.0
2021-05-27,18.0,51.0,10.0,17.0,25.0,56.0
2021-05-28,16.0,35.0,7.0,10.0,21.0,59.0
2021-05-29,14.0,48.0,7.0,11.0,22.0,50.0
2021-05-30,11.0,48.0,6.0,10.0,19.0,56.0
2021-05-31,13.0,47.0,6.0,9.0,18.0,56.0
2021-06-01,13.0,43.0,6.0,9.0,17.0,55.0
2021-06-02,14.0,53.0,6.0,10.0,20.0,45.0
2021-06-03,19.0,51.0,7.0,12.0,21.0,44.0
2021-06-04,20.0,52.0,7.0,11.0,22.0,43.0
2021-06-05,25.0,51.0,8.0,13.0,24.0,46.0
2021-06-06,19.0,48.0,10.0,15.0,24.0,56.0
2021-06-07,25.0,24.0,15.0,20.0,23.0,71.0
2021-06-08,16.0,32.0,12.0,17.0,24.0,65.0
2021-06-09,23.0,29.0,13.0,18.0,23.0,61.0
2021-06-10,26.0,35.0,9.0,14.0,23.0,58.0
2021-06-11,17.0,47.0,11.0,16.0,23.0,57.0
2021-06-12,13.0,52.0,10.0,14.0,23.0,54.0
2021-06-13,12.0,44.0,6.0,9.0,21.0,56.0
2021-06-14,14.0,43.0,4.0,8.0,20.0,49.0
2021-06-15,11.0,49.0,16.0,21.0,21.0,48.0
2021-06-16,16.0,52.0,18.0,26.5,23.5,50.0
2021-06-17,21.0,55.0,20.0,32.0,26.0,52.0
2021-06-18,16.0,49.0,8.0,13.0,26.0,57.0
2021-06-19,16.0,44.0,11.0,16.0,25.0,63.0
2021-06-20,19.0,39.0,11.0,16.0,26.0,61.0
2021-06-21,30.0,38.0,9.0,16.0,27.0,57.0
2021-06-22,32.0,30.0,9.0,27.0,29.0,55.0
2021-06-23,27.0,49.0,12.0,35.0,31.0,45.0
2021-06-24,22.0,58.0,10.0,30.0,32.0,45.0
2021-06-25,19.0,56.0,8.0,28.0,33.0,39.0
2021-06-26,18.0,52.0,7.0,24.0,32.0,36.0
2021-06-27,10.0,75.0,7.0,15.0,30.0,45.0
2021-06-28,16.0,75.0,9.0,14.0,31.0,42.0
2021-06-29,20.0,66.0,10.0,17.0,32.0,42.0
2021-06-30,12.0,55.0,9.0,21.0,32.0,39.0
2021-07-01,12.0,49.0,9.0,21.0,32.0,35.0
2021-07-02,11.0,62.0,6.0,11.0,28.0,42.0
2021-07-03,11.0,51.0,6.0,11.0,26.0,46.0
2021-07-04,11.0,57.666666666666664,7.0,11.0,26.0,42.0
2021-07-05,11.0,64.33333333333333,6.0,11.0,27.0,48.0
2021-07-06,11.0,71.0,9.0,14.0,30.0,41.0
2021-07-07,11.0,70.0,10.0,15.0,31.0,39.0
2021-07-08,12.0,63.0,8.0,14.0,32.0,37.0
2021-07-09,13.0,54.0,9.0,15.0,32.0,40.0
2021-07-10,10.0,48.0,10.0,17.0,30.0,52.0
2021-07-11,11.0,48.0,9.0,14.0,29.0,55.0
2021-07-12,12.0,57.0,11.0,16.0,30.0,47.0
2021-07-13,15.0,57.0,13.0,19.0,31.0,43.0
2021-07-14,18.0,53.0,13.0,21.0,32.0,43.0
2021-07-15,14.0,61.0,13.0,21.0,33.0,43.0
2021-07-16,15.0,65.0,12.0,19.0,31.0,49.0
2021-07-17,15.0,39.0,11.0,17.0,27.0,65.0
2021-07-18,13.0,40.0,9.0,13.0,24.0,68.0
2021-07-19,14.0,37.0,10.0,15.0,25.0,68.0
2021-07-20,12.0,54.0,12.0,18.0,27.0,57.0
2021-07-21,12.0,60.0,11.0,16.0,28.0,46.0
2021-07-22,11.0,63.0,7.0,11.0,27.0,43.0
2021-07-23,13.0,59.0,7.0,11.0,27.0,43.0
2021-07-24,14.0,62.0,9.0,14.0,28.0,42.0
2021-07-25,16.0,61.0,11.0,16.0,28.0,43.0
2021-07-26,21.0,59.0,11.0,19.0,30.0,43.0
2021-07-27,20.0,58.0,12.0,24.0,32.0,42.0
2021-07-28,22.0,50.0,12.0,27.0,32.0,44.0
2021-07-29,23.0,43.0,11.0,29.0,32.0,40.0
2021-07-30,23.0,47.0,12.0,27.0,32.0,33.0
2021-07-31,19.0,67.0,9.0,20.0,32.0,32.0
2021-08-01,16.0,72.0,10.0,20.0,33.0,37.0
2021-08-02,15.0,63.0,9.0,26.0,33.0,28.0
2021-08-03,18.0,67.0,6.0,15.0,32.0,32.0
2021-08-04,18.285714285714285,66.57142857142857,7.0,17.0,32.0,31.0
2021-08-05,18.571428571428573,66.14285714285714,10.0,24.0,33.0,32.0
2021-08-06,18.857142857142858,65.71428571428571,4.0,9.0,31.0,33.0
2021-08-07,19.142857142857142,65.28571428571429,2.0,5.0,30.0,33.0
2021-08-08,19.428571428571427,64.85714285714286,4.0,8.0,30.0,33.0
2021-08-09,19.714285714285715,64.42857142857143,7.0,12.0,33.0,34.0
2021-08-10,20.0,64.0,10.0,19.0,33.0,33.0
2021-08-11,17.0,73.0,10.0,17.0,32.0,38.0
2021-08-12,13.0,80.0,7.0,11.0,31.0,35.0
2021-08-13,15.0,76.5,4.0,7.0,31.0,30.0
2021-08-14,17.0,73.0,8.0,13.0,31.0,36.0
2021-08-15,16.0,68.0,8.0,12.0,31.0,33.0
2021-08-16,24.0,52.0,10.0,15.0,31.0,34.0
2021-08-17,22.0,55.0,12.0,19.0,31.0,44.0
2021-08-18,15.0,57.0,10.0,18.0,27.0,52.0
2021-08-19,14.0,64.0,5.0,9.0,27.0,36.0
2021-08-20,17.0,64.0,6.0,10.0,28.0,38.0
2021-08-21,18.0,38.0,9.0,16.0,26.0,58.0
2021-08-22,21.0,38.0,9.0,13.0,27.0,49.0
2021-08-23,23.0,42.0,7.0,13.0,28.0,41.0
2021-08-24,22.0,48.0,10.0,16.0,28.0,42.0
2021-08-25,15.0,60.0,20.0,26.0,27.0,51.0
2021-08-26,19.0,23.0,16.0,22.0,24.0,65.0
2021-08-27,20.0,25.0,57.0,81.0,25.0,64.0
2021-08-28,17.0,49.0,14.0,22.0,26.0,51.0
2021-08-29,16.0,45.0,9.0,17.0,26.0,52.0
2021-08-30,18.0,39.0,9.0,13.0,24.0,52.0
2021-08-31,22.0,38.0,5.0,12.0,25.0,44.0
2021-09-01,12.0,49.0,5.0,9.0,25.0,45.0
2021-09-02,7.0,57.0,6.0,9.0,24.0,41.0
2021-09-03,9.166666666666666,54.166666666666664,7.0,11.0,24.0,41.0
2021-09-04,11.333333333333332,51.333333333333336,8.0,12.0,24.0,42.0
2021-09-05,13.5,48.5,7.0,10.0,24.0,45.0
2021-09-06,15.666666666666666,45.666666666666664,6.0,9.0,25.0,43.0
2021-09-07,17.833333333333332,42.83333333333333,6.0,9.0,23.0,41.0
2021-09-08,20.0,40.0,6.0,10.0,22.0,44.0
2021-09-09,20.0,35.0,7.0,11.0,23.0,56.0
2021-09-10,21.0,41.0,9.0,14.0,24.0,50.0
2021-09-11,30.0,43.0,9.0,15.0,24.0,46.0
2021-09-12,35.0,46.0,7.0,13.0,24.0,39.0
2021-09-13,38.0,51.0,9.0,15.0,25.0,38.0
2021-09-14,27.0,56.0,11.0,20.0,26.0,38.0
2021-09-15,28.0,46.0,12.0,20.0,26.0,39.0
2021-09-16,35.0,30.0,11.0,19.0,25.0,43.0
2021-09-17,34.0,21.0,11.0,25.0,26.0,50.0
2021-09-18,23.0,18.0,9.0,19.0,23.0,66.0
2021-09-19,23.666666666666668,18.333333333333332,12.0,17.0,23.0,68.0
2021-09-20,24.333333333333332,18.666666666666668,9.0,14.0,23.0,62.0
2021-09-21,25.0,19.0,9.0,12.0,21.0,61.0
2021-09-22,25.666666666666668,19.333333333333332,8.0,11.0,17.0,60.0
2021-09-23,26.333333333333332,19.666666666666668,5.0,8.0,17.0,50.0
2021-09-24,27.0,20.0,10.0,16.0,17.0,51.0
2021-09-25,31.0,23.0,10.0,18.0,20.0,50.0
2021-09-26,29.0,23.333333333333332,10.0,16.0,22.0,48.0
2021-09-27,27.0,23.666666666666668,9.0,18.0,23.0,48.0
2021-09-28,25.0,24.0,16.0,28.0,23.0,65.0
2021-09-29,22.0,26.0,16.0,22.0,21.0,74.0
2021-09-30,18.5,21.0,14.0,17.0,18.0,80.0
2021-10-01,15.0,19.0,18.0,23.0,18.0,76.0
2021-10-02,14.0,19.0,15.0,22.0,17.0,64.0
2021-10-03,15.0,17.0,15.0,23.0,17.0,64.0
2021-10-04,20.0,17.0,20.0,30.0,18.0,62.0
2021-10-05,21.0,17.0,15.0,24.0,19.0,63.0
2021-10-06,16.0,20.0,13.0,20.0,19.0,69.0
2021-10-07,13.0,25.0,8.0,12.0,15.0,80.0
2021-10-08,17.0,9.0,11.0,15.0,15.0,81.0
2021-10-09,17.666666666666668,9.333333333333334,8.0,8.0,13.0,82.0
2021-10-10,18.333333333333332,9.666666666666666,11.0,14.0,14.0,84.0
2021-10-11,19.0,10.0,8.0,11.0,15.0,84.0
2021-10-12,14.0,21.0,5.0,11.0,13.0,75.0
2021-10-13,16.0,25.0,12.0,18.0,13.0,71.0
2021-10-14,14.0,22.0,7.0,10.0,10.0,78.0
2021-10-15,15.125,20.125,4.0,6.0,10.0,80.0
2021-10-16,16.25,18.25,7.0,10.0,12.0,78.0
2021-10-17,17.375,16.375,17.0,24.0,15.0,73.0
2021-10-18,18.5,14.5,20.0,28.0,17.0,71.0
2021-10-19,19.625,12.625,18.0,26.0,17.0,63.0
2021-10-20,20.75,10.75,25.0,35.0,15.0,67.0
2021-10-21,21.875,8.875,28.0,41.0,15.0,72.0
2021-10-22,23.0,7.0,35.0,56.0,15.0,74.0
2021-10-23,18.0,9.0,31.0,48.0,15.0,78.0
2021-10-24,8.0,34.0,7.0,12.0,13.0,64.0
2021-10-25,18.0,22.0,13.0,21.0,11.0,64.0
2021-10-26,17.0,10.0,18.0,27.0,12.0,63.0
2021-10-27,21.0,13.0,22.0,34.0,12.0,63.0
2021-10-28,25.0,10.0,29.0,45.0,12.0,64.0
2021-10-29,24.5,9.5,33.0,47.0,12.0,66.0
2021-10-30,24.0,9.0,34.0,52.0,12.0,66.0
2021-10-31,23.0,19.0,37.0,53.0,12.0,66.0
2021-11-01,24.0,16.0,41.0,57.0,12.0,67.0
2021-11-02,24.0,15.25,41.0,57.0,13.0,77.0
2021-11-03,24.0,14.5,39.0,58.0,14.0,80.0
2021-11-04,24.0,13.75,23.0,34.0,17.0,77.0
2021-11-05,24.0,13.0,23.0,37.0,19.0,76.0
2021-11-06,22.0,12.5,21.0,33.0,17.0,76.0
2021-11-07,20.0,12.0,27.0,41.0,17.0,74.0
2021-11-08,21.0,6.0,32.0,49.0,16.0,76.0
2021-11-09,13.0,14.0,17.0,25.0,14.0,71.0
2021-11-10,14.0,18.0,14.0,20.0,12.0,71.0
2021-11-11,18.0,17.0,22.0,35.0,13.0,69.0
2021-11-12,19.0,10.0,36.0,55.0,11.0,66.0
2021-11-13,24.0,11.0,41.0,63.0,9.0,67.0
2021-11-14,19.0,15.0,47.0,69.0,10.0,68.0
2021-11-15,21.0,11.0,50.0,70.0,11.0,73.0
2021-11-16,21.0,16.0,35.0,53.0,13.0,69.0
2021-11-17,17.0,15.0,34.0,51.0,13.0,70.0
2021-11-18,17.0,11.0,35.0,51.0,12.0,71.0
2021-11-19,17.5,15.0,15.0,23.0,12.0,57.0
2021-11-20,18.0,19.0,25.0,35.0,13.0,62.0
2021-11-21,19.0,14.0,37.0,56.0,10.0,67.0
2021-11-22,23.0,5.0,63.0,93.0,10.0,75.0
2021-11-23,16.0,9.0,41.0,59.0,11.0,77.0
2021-11-24,15.0,13.0,26.0,33.0,11.0,68.0
2021-11-25,15.0,17.0,21.0,31.0,11.0,71.0
2021-11-26,17.0,19.0,20.0,26.0,10.0,79.0
2021-11-27,23.0,9.0,29.0,42.0,12.0,80.0
2021-11-28,20.0,17.0,20.0,28.0,13.0,79.0
2021-11-29,20.666666666666668,14.666666666666666,9.0,14.0,12.0,79.0
2021-11-30,21.333333333333332,12.333333333333332,11.0,20.0,6.0,66.0
2021-12-01,22.0,10.0,40.0,60.0,5.0,67.0
2021-12-02,21.0,7.0,53.0,78.0,6.0,70.0
2021-12-03,20.0,15.0,23.0,31.0,10.0,76.0
2021-12-04,13.0,21.0,21.0,32.0,9.0,68.0
2021-12-05,17.0,8.0,40.0,60.0,7.0,77.0
2021-12-06,15.0,10.0,24.0,34.0,10.0,83.0
2021-12-07,13.0,12.0,6.0,9.0,6.0,76.0
2021-12-08,16.666666666666668,11.666666666666666,17.0,27.0,7.0,62.0
2021-12-09,20.333333333333332,11.333333333333334,33.0,49.0,7.0,74.0
2021-12-10,24.0,11.0,34.0,48.0,9.0,80.0
2021-12-11,18.0,15.5,23.0,28.0,6.0,83.0
2021-12-12,14.0,20.0,10.0,14.0,6.0,80.0
2021-12-13,13.0,27.5,12.0,18.0,6.0,72.0
2021-12-14,12.0,35.0,13.0,18.0,6.0,69.0
2021-12-15,14.0,29.0,21.0,33.0,6.0,69.0
2021-12-16,16.0,23.0,27.0,40.0,7.0,68.0
2021-12-17,14.0,31.0,8.0,13.0,9.0,64.0
2021-12-18,11.0,38.0,7.0,11.0,6.0,63.0
2021-12-19,16.0,36.0,18.0,28.0,7.0,57.0
2021-12-20,21.0,20.0,25.0,38.0,6.0,58.0
2021-12-21,23.0,26.0,15.0,23.0,5.0,45.0
2021-12-22,29.0,12.0,42.0,67.0,2.0,57.0
2021-12-23,30.0,12.0,54.0,79.0,2.0,59.0
2021-12-24,36.0,9.0,75.0,114.0,2.0,62.0
2021-12-25,42.0,8.0,105.0,162.0,4.0,65.0
2021-12-26,39.0,7.0,132.0,197.0,6.0,71.0
2021-12-27,26.0,5.0,82.0,115.0,9.0,79.0
2021-12-28,22.0,5.0,53.0,78.0,9.0,79.0
2021-12-29,20.0,6.0,34.0,49.0,9.0,81.0
2021-12-30,23.0,21.0,12.0,15.0,10.0,70.0
2021-12-31,24.0,15.0,34.0,51.0,9.0,70.0
2022-01-01,22.0,15.0,50.0,75.0,10.0,70.0
2022-01-02,22.0,20.0,23.0,34.0,13.0,66.0
2022-01-03,28.0,7.0,55.0,79.0,8.0,71.0
2022-01-04,28.0,6.0,70.0,100.0,7.0,73.0
2022-01-05,26.0,5.0,92.0,153.0,6.0,77.0
2022-01-06,25.0,11.0,73.0,109.0,9.0,76.0
2022-01-07,22.5,10.0,13.0,19.0,8.0,66.0
2022-01-08,20.0,9.0,46.0,69.0,8.0,72.0
2022-01-09,20.0,6.0,58.0,88.0,9.0,77.0
2022-01-10,17.666666666666668,15.5,13.0,18.0,5.0,80.0
2022-01-11,15.333333333333332,25.0,10.0,14.0,4.0,73.0
2022-01-12,13.0,34.5,12.0,18.0,3.0,66.0
2022-01-13,17.0,44.0,24.0,38.0,1.0,55.0
2022-01-14,32.0,18.0,54.0,86.0,2.0,61.0
2022-01-15,28.0,17.5,41.0,68.0,5.0,62.0
2022-01-16,24.0,17.0,47.0,71.0,3.0,64.0
2022-01-17,34.0,7.0,64.0,96.0,2.0,68.0
2022-01-18,21.0,39.0,13.0,22.0,6.0,48.0
2022-01-19,22.0,32.0,22.0,36.0,4.0,51.0
2022-01-20,35.0,12.0,53.0,82.0,3.0,58.0
2022-01-21,27.0,23.0,32.0,44.0,3.0,64.0
2022-01-22,23.0,29.333333333333332,8.0,14.0,2.0,52.0
2022-01-23,19.0,35.666666666666664,7.0,12.0,2.0,49.0
2022-01-24,15.0,42.0,13.0,18.0,0.0,52.0
2022-01-25,24.0,33.0,23.0,37.0,0.0,46.0
2022-01-26,28.0,17.0,35.0,60.0,2.0,54.0
2022-01-27,27.0,15.0,45.0,65.0,4.0,63.0
2022-01-28,25.0,20.0,42.0,67.0,4.0,64.0
2022-01-29,23.0,25.0,21.0,32.0,5.0,63.0
2022-01-30,25.0,21.0,39.0,61.0,4.0,59.0
2022-01-31,32.0,19.0,38.0,63.0,6.0,50.0
2022-02-01,23.0,13.0,32.0,48.0,4.0,71.0
2022-02-02,23.0,29.0,21.0,31.0,6.0,63.0
2022-02-03,20.0,35.0,12.0,20.0,6.0,59.0
2022-02-04,26.0,23.0,26.0,45.0,5.0,56.0
2022-02-05,33.0,11.0,61.0,96.0,4.0,63.0
2022-02-06,28.0,20.0,67.0,102.0,8.0,61.0
2022-02-07,20.0,18.0,36.0,54.0,6.0,71.0
2022-02-08,12.0,49.0,6.0,10.0,5.0,58.0
2022-02-09,19.0,32.5,10.0,17.0,8.0,55.0
2022-02-10,26.0,16.0,32.0,50.0,8.0,64.0
2022-02-11,25.571428571428573,15.857142857142858,37.0,58.0,8.0,62.0
2022-02-12,25.142857142857142,15.714285714285714,25.0,39.0,9.0,56.0
2022-02-13,24.714285714285715,15.571428571428571,28.0,42.0,9.0,60.0
2022-02-14,24.285714285714285,15.428571428571429,42.0,62.0,9.0,66.0
2022-02-15,23.857142857142858,15.285714285714286,40.0,60.0,8.0,68.0
2022-02-16,23.42857142857143,15.142857142857142,32.0,47.0,10.0,70.0
2022-02-17,23.0,15.0,34.0,50.0,11.0,68.0
2022-02-18,25.0,28.0,19.0,30.0,12.0,48.0
2022-02-19,23.0,27.5,22.0,38.0,11.0,48.0
2022-02-20,21.0,27.0,22.0,35.0,13.0,58.0
2022-02-21,21.0,25.0,17.0,24.0,13.0,61.0
2022-02-22,18.0,28.0,12.0,17.0,10.0,68.0
2022-02-23,17.0,41.0,9.0,14.0,10.0,51.0
2022-02-24,20.0,42.0,10.0,18.0,10.0,41.0
2022-02-25,29.0,22.0,23.0,36.0,8.0,44.0
2022-02-26,23.0,30.0,25.0,36.0,9.0,50.0
2022-02-27,11.0,28.0,15.0,22.0,7.0,74.0
2022-02-28,18.0,35.0,8.0,13.0,6.0,65.0
2022-03-01,20.0,35.0,13.0,20.0,5.0,66.0
2022-03-02,18.0,42.0,15.0,22.0,6.0,55.0
2022-03-03,23.0,38.0,19.0,29.0,8.0,49.0
2022-03-04,27.0,26.0,26.0,39.0,8.0,51.0
2022-03-05,21.0,42.0,37.0,56.0,7.0,55.0
2022-03-06,26.0,12.0,64.0,91.0,5.0,77.0
2022-03-07,22.0,23.0,27.0,37.0,6.0,73.0
2022-03-08,16.0,44.0,20.0,31.0,5.0,61.0
2022-03-09,17.0,48.0,20.0,28.0,4.0,55.0
2022-03-10,23.0,41.0,18.0,26.0,4.0,58.0
2022-03-11,16.0,45.0,16.0,23.0,3.0,53.0
2022-03-12,16.0,53.0,15.0,22.0,4.0,39.0
2022-03-13,21.0,42.0,27.0,40.0,5.0,41.0
2022-03-14,28.0,31.0,28.0,41.0,7.0,41.0
2022-03-15,32.0,27.0,30.0,45.0,9.0,42.0
2022-03-16,27.75,26.0,31.0,43.0,11.0,47.0
2022-03-17,23.5,33.0,20.0,30.0,11.0,65.0
2022-03-18,19.25,40.0,15.0,23.0,9.0,53.0
2022-03-19,15.0,47.0,14.0,21.0,6.0,40.0
2022-03-20,17.0,54.0,14.0,21.0,7.0,31.0
2022-03-21,22.0,47.0,18.0,26.0,8.0,32.0
2022-03-22,23.0,61.0,16.0,22.0,12.0,30.0
2022-03-23,22.0,55.0,10.0,17.0,14.0,29.0
2022-03-24,27.0,45.0,16.0,25.0,14.0,28.0
2022-03-25,25.0,50.0,15.0,23.0,16.0,27.0
2022-03-26,25.0,51.0,17.0,29.0,15.0,33.0
2022-03-27,21.0,33.0,18.0,31.0,15.0,35.0
2022-03-28,27.0,23.0,23.0,39.0,14.0,43.0
2022-03-29,23.0,21.0,16.0,28.0,16.0,49.0
2022-03-30,23.5,19.0,15.0,29.0,14.0,53.0
2022-03-31,24.0,14.0,17.0,35.0,15.0,70.0
2022-04-01,14.0,25.0,10.0,27.0,16.0,70.0
2022-04-02,9.0,42.0,5.0,9.0,14.0,55.0
2022-04-03,6.0,45.0,4.0,8.0,11.0,59.0
2022-04-04,10.0,31.0,13.0,19.0,10.0,60.0
2022-04-05,16.0,22.0,13.0,22.0,13.0,64.0
2022-04-06,14.0,23.0,12.0,21.0,15.0,52.0
2022-04-07,16.0,25.0,12.0,24.0,15.0,62.0
2022-04-08,16.0,29.0,12.0,20.0,17.0,58.0
2022-04-09,13.0,33.0,7.0,15.0,18.0,48.0
2022-04-10,15.666666666666666,30.0,6.0,10.0,12.0,60.0
2022-04-11,18.333333333333332,27.0,5.0,10.0,12.0,39.0
2022-04-12,21.0,24.0,10.0,16.0,13.0,42.0
2022-04-13,20.0,27.0,10.0,19.0,16.0,43.0
2022-04-14,21.0,27.5,10.0,19.0,17.0,40.0
2022-04-15,22.0,28.0,10.0,18.0,18.0,44.0
2022-04-16,14.0,40.0,22.0,31.0,18.0,48.0
2022-04-17,5.0,39.0,35.0,42.0,11.0,68.0
2022-04-18,6.0,36.0,8.0,10.0,10.0,62.0
2022-04-19,9.0,43.0,8.0,12.0,12.0,48.0
2022-04-20,15.0,32.0,9.0,14.0,10.0,66.0
2022-04-21,24.0,7.0,24.0,37.0,9.0,74.0
2022-04-22,14.0,28.0,19.0,29.0,15.0,69.0
2022-04-23,9.0,35.0,9.0,14.0,19.0,59.0
2022-04-24,14.0,29.0,7.0,12.0,20.0,54.0
2022-04-25,9.0,42.0,3.0,11.0,21.0,45.0
2022-04-26,13.0,39.0,4.0,9.0,21.0,43.0
2022-04-27,16.0,33.0,6.0,12.0,21.0,47.0
2022-04-28,6.0,47.0,9.0,13.0,19.0,52.0
2022-04-29,5.0,50.0,7.0,11.0,19.0,50.0
2022-04-30,8.0,40.0,9.0,12.0,19.0,59.0
2022-05-01,7.0,37.0,10.0,15.0,18.0,69.0
2022-05-02,7.0,27.0,11.0,15.0,16.0,75.0
2022-05-03,9.0,22.0,10.0,14.0,15.0,76.0
2022-05-04,12.0,15.0,10.0,15.0,17.0,59.0
2022-05-05,16.0,25.0,10.0,16.0,19.0,54.0
2022-05-06,13.0,30.0,7.0,11.0,20.0,60.0
2022-05-07,9.0,44.0,9.0,13.0,20.0,53.0
2022-05-08,10.0,44.0,9.0,15.0,20.0,52.0
2022-05-09,13.0,31.0,8.0,15.0,21.0,49.0
2022-05-10,11.0,42.0,7.0,13.0,21.0,44.0
2022-05-11,13.0,42.0,8.0,14.0,22.0,48.0
2022-05-12,15.0,42.0,11.0,17.0,23.0,49.0
2022-05-13,20.0,43.5,11.0,18.0,24.0,49.0
2022-05-14,10.0,45.0,11.0,18.0,24.0,57.0
2022-05-15,9.0,50.0,7.0,11.0,25.0,50.0
2022-05-16,15.0,45.0,7.0,15.0,24.0,44.0
2022-05-17,13.0,42.0,7.0,13.0,24.0,47.0
2022-05-18,9.0,45.0,5.0,11.0,21.0,52.0
2022-05-19,10.5,28.0,4.0,9.0,19.0,36.0
2022-05-20,12.0,43.0,5.0,11.0,21.0,37.0
2022-05-21,15.0,48.0,7.0,13.0,23.0,40.0
2022-05-22,8.0,48.0,8.0,14.0,24.0,53.0
2022-05-23,18.0,22.0,9.0,15.0,21.0,64.0
2022-05-24,13.0,32.0,12.0,18.0,25.0,61.0
2022-05-25,13.0,33.0,8.0,16.0,27.0,54.0
2022-05-26,13.0,42.0,8.0,19.0,28.0,50.0
2022-05-27,11.0,48.0,11.0,18.0,28.0,55.0
2022-05-28,11.0,31.0,11.0,20.0,25.0,63.0
2022-05-29,10.0,22.0,8.0,14.0,21.0,74.0
2022-05-30,11.666666666666666,25.666666666666668,12.0,20.0,22.0,69.0
2022-05-31,13.333333333333334,29.333333333333332,6.0,13.0,25.0,59.0
2022-06-01,15.0,33.0,6.0,15.0,26.0,56.0
2022-06-02,14.0,38.0,7.0,15.0,27.0,54.0
2022-06-03,13.6,36.6,9.0,14.0,29.0,53.0
2022-06-04,13.2,35.2,10.0,14.0,27.0,56.0
2022-06-05,12.8,33.8,8.0,13.0,29.0,53.0
2022-06-06,12.4,32.4,6.0,13.0,27.0,62.0
2022-06-07,12.0,31.0,7.0,14.0,25.0,65.0
2022-06-08,13.0,24.0,8.0,12.0,24.0,70.0
2022-06-09,11.5,17.0,5.0,10.0,23.0,70.0
2022-06-10,10.0,23.0,12.0,14.0,22.0,77.0
2022-06-11,10.0,23.0,12.0,12.0,21.0,82.0
2022-06-12,7.0,42.0,10.0,12.0,23.0,71.0
2022-06-13,9.0,41.0,7.0,11.0,25.0,66.0
2022-06-14,8.0,44.0,5.0,9.0,25.0,58.0
2022-06-15,9.5,43.0,4.0,8.0,25.0,48.0
2022-06-16,11.0,48.0,8.0,14.0,25.0,45.0
2022-06-17,11.0,48.0,18.0,29.0,25.0,52.0
2022-06-18,6.0,63.0,8.0,12.0,26.0,49.0
2022-06-19,7.333333333333333,57.666666666666664,5.0,7.0,26.0,47.0
2022-06-20,8.666666666666666,52.333333333333336,5.0,8.0,27.0,47.0
2022-06-21,10.0,47.0,7.0,12.0,29.0,50.0
2022-06-22,10.0,43.0,10.0,16.0,29.0,59.0
2022-06-23,8.0,38.0,12.0,21.0,28.0,62.0
2022-06-24,8.2,40.5,17.0,22.0,27.0,60.0
2022-06-25,8.4,43.0,9.0,17.0,29.0,54.0
2022-06-26,8.6,45.5,4.0,9.0,28.0,54.0
2022-06-27,8.8,48.0,4.0,8.0,29.0,50.0
2022-06-28,9.0,50.5,5.0,8.0,30.0,47.0
2022-06-29,10.0,53.0,6.0,9.0,30.0,44.0
2022-06-30,11.0,56.0,6.0,11.0,30.0,48.0
2022-07-01,10.0,43.0,8.0,13.0,31.0,54.0
2022-07-02,9.625,41.0,9.0,15.0,30.0,54.0
2022-07-03,9.25,39.0,9.0,13.0,30.0,53.0
2022-07-04,8.875,37.0,10.0,15.0,30.0,54.0
2022-07-05,8.5,35.0,11.0,16.0,29.0,57.0
2022-07-06,8.125,33.0,6.0,10.0,28.0,54.0
2022-07-07,7.75,31.0,3.0,6.0,28.0,44.0
2022-07-08,7.375,29.0,3.0,6.0,25.0,54.0
2022-07-09,7.0,27.0,10.0,9.0,19.0,81.0
2022-07-10,5.0,42.0,6.0,8.0,23.0,59.0
2022-07-11,5.5,41.0,2.0,5.0,24.0,46.0
2022-07-12,6.0,40.0,3.0,7.0,23.0,45.0
2022-07-13,6.571428571428571,41.285714285714285,3.0,8.0,24.0,42.0
2022-07-14,7.142857142857142,42.57142857142857,3.0,7.0,26.0,43.0
2022-07-15,7.714285714285714,43.85714285714286,3.0,7.0,28.0,45.0
2022-07-16,8.285714285714285,45.142857142857146,4.0,9.0,29.0,45.0
2022-07-17,8.857142857142858,46.42857142857143,4.0,7.0,30.0,42.0
2022-07-18,9.428571428571429,47.714285714285715,3.0,7.0,27.0,35.0
2022-07-19,10.0,49.0,6.0,9.0,27.0,41.0
2022-07-20,9.0,34.0,4.0,9.0,28.0,41.0
2022-07-21,9.0,56.0,6.0,11.0,29.0,41.0
2022-07-22,10.0,61.0,6.0,14.0,31.0,40.0
2022-07-23,13.0,59.0,7.0,15.0,31.0,39.0
2022-07-24,13.0,65.0,9.0,19.0,30.0,43.0
2022-07-25,8.0,68.0,10.0,16.0,30.0,48.0
2022-07-26,18.0,52.0,10.0,14.0,30.0,41.0
2022-07-27,11.0,72.0,11.0,18.0,30.0,49.0
2022-07-28,8.0,45.0,12.0,18.0,27.0,67.0
2022-07-29,9.0,50.0,9.0,13.0,29.0,57.0
2022-07-30,10.0,55.0,10.0,13.0,31.0,53.0
2022-07-31,7.0,55.0,7.0,10.0,28.0,54.0
2022-08-01,9.0,64.0,4.0,6.0,28.0,41.0
2022-08-02,9.0,58.0,4.0,5.0,28.0,42.0
2022-08-03,7.0,56.0,5.0,5.0,29.0,42.0
2022-08-04,13.0,47.0,5.0,7.0,29.0,42.0
2022-08-05,12.0,58.0,7.0,9.0,30.0,40.0
2022-08-06,9.0,64.0,8.0,11.0,30.0,38.0
2022-08-07,8.0,64.0,6.0,10.0,30.0,43.0
2022-08-08,7.333333333333333,69.0,8.0,11.0,31.0,43.0
2022-08-09,6.666666666666667,63.0,5.0,9.0,30.0,40.0
2022-08-10,6.0,65.0,9.0,14.0,29.0,49.0
2022-08-11,8.0,69.0,4.0,7.0,28.0,44.0
2022-08-12,11.0,56.0,5.0,8.0,26.0,51.0
2022-08-13,10.0,47.0,8.0,10.0,24.0,66.0
2022-08-14,6.0,54.0,9.0,12.0,24.0,71.0
2022-08-15,6.111111111111111,52.111111111111114,8.0,12.0,26.0,59.0
2022-08-16,6.222222222222222,50.22222222222222,8.0,13.0,26.0,62.0
2022-08-17,6.333333333333333,48.333333333333336,5.0,10.0,27.0,56.0
2022-08-18,6.444444444444445,46.44444444444444,6.0,10.0,30.0,49.0
2022-08-19,6.555555555555555,44.55555555555556,7.0,15.0,30.0,48.0
2022-08-20,6.666666666666667,42.66666666666667,9.0,17.0,27.0,62.0
2022-08-21,6.777777777777778,40.77777777777778,9.0,15.0,25.0,69.0
2022-08-22,6.888888888888889,38.888888888888886,7.0,10.0,25.0,67.0
2022-08-23,7.0,37.0,8.0,9.0,25.0,69.0
2022-08-24,6.0,38.0,10.0,14.0,26.0,67.0
2022-08-25,7.0,45.0,15.0,25.0,26.0,68.0
2022-08-26,7.5,42.5,9.0,18.0,28.0,55.0
2022-08-27,8.0,40.0,7.0,14.0,28.0,56.0
2022-08-28,8.5,37.5,8.0,15.0,27.0,55.0
2022-08-29,9.0,35.0,7.0,12.0,26.0,61.0
2022-08-30,9.5,32.5,7.0,11.0,25.0,72.0
2022-08-31,10.0,30.0,10.0,15.0,25.0,70.0
2022-09-01,12.0,31.0,13.0,16.0,25.0,70.0
2022-09-02,9.0,25.0,10.0,12.0,23.0,79.0
2022-09-03,10.0,24.0,6.0,8.0,23.0,71.0
2022-09-04,9.0,28.0,7.0,10.0,24.0,69.0
2022-09-05,10.0,28.0,5.0,9.0,25.0,64.0
2022-09-06,10.23076923076923,24.0,6.0,10.0,24.0,59.0
2022-09-07,10.461538461538462,23.32,6.28,10.44,23.84,59.84
2022-09-08,10.692307692307692,22.64,6.5600000000000005,10.88,23.68,60.68
2022-09-09,10.923076923076923,21.96,6.84,11.32,23.52,61.52
2022-09-10,11.153846153846153,21.28,7.12,11.76,23.36,62.36
2022-09-11,11.384615384615385,20.6,7.4,12.2,23.2,63.2
2022-09-12,11.615384615384615,19.92,7.68,12.64,23.04,64.04
2022-09-13,11.846153846153847,19.24,7.96,13.08,22.88,64.88
2022-09-14,12.076923076923077,18.56,8.24,13.52,22.72,65.72
2022-09-15,12.307692307692308,17.88,8.52,13.96,22.56,66.56
2022-09-16,12.538461538461538,17.2,8.8,14.4,22.4,67.4
2022-09-17,12.76923076923077,16.52,9.08,14.84,22.24,68.24
2022-09-18,13.0,15.84,9.36,15.280000000000001,22.08,69.08
2022-09-19,13.23076923076923,15.16,9.64,15.719999999999999,21.92,69.92
2022-09-20,13.461538461538462,14.479999999999999,9.92,16.16,21.759999999999998,70.76
2022-09-21,13.692307692307693,13.799999999999999,10.2,16.6,21.6,71.6
2022-09-22,13.923076923076923,13.12,10.48,17.04,21.44,72.44
2022-09-23,14.153846153846153,12.44,10.760000000000002,17.48,21.28,73.28
2022-09-24,14.384615384615385,11.76,11.040000000000001,17.92,21.12,74.12
2022-09-25,14.615384615384617,11.079999999999998,11.32,18.36,20.96,74.96
2022-09-26,14.846153846153847,10.399999999999999,11.600000000000001,18.8,20.8,75.8
2022-09-27,15.076923076923077,9.719999999999999,11.88,19.240000000000002,20.64,76.64
2022-09-28,15.307692307692308,9.04,12.16,19.68,20.48,77.48
2022-09-29,15.538461538461538,8.36,12.440000000000001,20.119999999999997,20.32,78.32
2022-09-30,15.76923076923077,7.68,12.72,20.560000000000002,20.16,79.16
2022-10-01,16.0,7.0,13.0,21.0,20.0,80.0
2022-10-02,10.0,20.0,5.0,11.0,21.0,66.0
2022-10-03,12.0,8.0,5.0,11.0,16.0,71.0
2022-10-04,11.0,16.0,6.0,14.0,16.0,58.0
2022-10-05,15.0,12.0,8.0,16.0,16.0,60.0
2022-10-06,15.5,9.0,11.0,21.0,16.0,62.0
2022-10-07,16.0,17.0,9.0,21.0,18.0,57.0
2022-10-08,17.0,14.0,10.0,20.0,18.0,63.0
2022-10-09,15.0,12.333333333333334,15.0,23.0,18.0,66.0
2022-10-10,13.0,10.666666666666666,24.0,31.0,18.0,71.0
2022-10-11,11.0,9.0,30.0,38.0,17.0,81.0
2022-10-12,11.25,9.75,18.0,26.0,18.0,80.0
2022-10-13,11.5,10.5,23.0,33.0,17.0,85.0
2022-10-14,11.75,11.25,9.0,14.0,15.0,86.0
2022-10-15,12.0,12.0,10.0,17.0,15.0,73.0
2022-10-16,12.0,11.0,13.0,22.0,15.0,71.0
2022-10-17,13.0,10.5,13.0,22.0,15.0,67.0
2022-10-18,14.0,10.0,12.0,22.0,14.0,65.0
2022-10-19,15.0,9.5,14.0,24.0,15.0,62.0
2022-10-20,16.0,9.0,12.0,20.0,17.0,58.0
2022-10-21,17.0,8.5,14.0,24.0,14.0,62.0
2022-10-22,18.0,8.0,22.0,34.0,14.0,70.0
2022-10-23,18.0,9.0,25.0,37.0,16.0,69.0
2022-10-24,19.0,9.0,24.0,40.0,17.0,69.0
2022-10-25,26.0,4.0,24.0,45.0,17.0,69.0
2022-10-26,19.0,11.0,18.0,35.0,18.0,67.0
2022-10-27,19.666666666666668,10.666666666666666,13.0,25.0,19.0,59.0
2022-10-28,20.333333333333332,10.333333333333334,11.0,22.0,17.0,59.0
2022-10-29,21.0,10.0,16.0,28.0,16.0,61.0
2022-10-30,21.0,18.0,23.0,31.0,17.0,59.0
2022-10-31,21.75,16.25,19.0,32.0,19.0,59.0
2022-11-01,22.5,14.5,18.0,38.0,18.0,62.0
2022-11-02,23.25,12.75,26.0,51.0,17.0,63.0
2022-11-03,24.0,11.0,31.0,49.0,16.0,63.0
2022-11-04,26.0,10.0,39.0,61.0,15.0,67.0
2022-11-05,15.0,24.0,31.0,50.0,17.0,73.0
2022-11-06,13.5,18.666666666666668,26.0,37.0,15.0,86.0
2022-11-07,12.0,13.333333333333334,41.0,65.0,14.0,84.0
2022-11-08,14.0,8.0,44.0,71.0,14.0,80.0
2022-11-09,12.0,7.0,51.0,81.0,12.0,80.0
2022-11-10,12.357142857142858,7.214285714285714,47.0,78.0,14.0,77.0
2022-11-11,12.714285714285714,7.428571428571429,34.0,57.0,13.0,74.0
2022-11-12,13.071428571428571,7.642857142857142,20.0,33.0,14.0,70.0
2022-11-13,13.428571428571429,7.857142857142857,26.0,40.0,13.0,73.0
2022-11-14,13.785714285714286,8.071428571428571,48.0,77.0,12.0,74.0
2022-11-15,14.142857142857142,8.285714285714285,60.0,98.0,11.0,82.0
2022-11-16,14.5,8.5,51.0,83.0,14.0,80.0
2022-11-17,14.857142857142858,8.714285714285714,48.0,80.5,13.0,83.0
2022-11-18,15.214285714285715,8.928571428571429,45.0,78.0,12.0,86.0
2022-11-19,15.571428571428571,9.142857142857142,37.0,58.0,15.0,85.0
2022-11-20,15.928571428571429,9.357142857142858,10.0,16.0,16.0,86.0
2022-11-21,16.285714285714285,9.571428571428571,8.0,15.0,12.0,79.0
2022-11-22,16.642857142857142,9.785714285714285,21.0,33.0,8.0,81.0
2022-11-23,17.0,10.0,22.0,35.0,11.0,80.0
2022-11-24,17.5,16.0,18.0,31.0,10.0,72.0
2022-11-25,18.0,22.0,17.0,28.0,12.0,57.0
2022-11-26,18.0,13.0,28.0,44.0,9.0,63.0
2022-11-27,18.0,12.0,27.0,43.0,8.0,66.0
2022-11-28,18.0,11.0,31.0,50.0,8.0,68.0
2022-11-29,18.0,10.0,42.0,63.0,7.0,67.0
2022-11-30,17.0,8.666666666666666,63.0,94.0,8.0,78.0
2022-12-01,15.0,7.333333333333334,23.0,34.0,9.0,81.0
2022-12-02,13.0,6.0,27.0,42.0,9.0,76.0
2022-12-03,11.0,8.0,35.0,53.0,10.0,77.0
2022-12-04,11.0,9.0,45.0,68.0,10.0,80.0
2022-12-05,14.0,9.0,28.0,42.0,12.0,78.0
2022-12-06,8.0,9.0,24.0,38.0,12.0,77.0
2022-12-07,2.0,13.0,38.0,59.0,12.0,77.0
2022-12-08,2.0,13.0,40.0,61.0,11.0,77.0
2022-12-09,2.0,9.0,51.0,80.0,13.0,82.0
2022-12-10,2.0,16.0,31.0,49.0,13.0,85.0
2022-12-11,2.0,19.0,13.0,19.0,12.0,82.0
2022-12-12,2.0,12.0,16.0,25.0,9.0,76.0
2022-12-13,2.0,17.0,24.0,39.0,6.0,67.0
2022-12-14,2.0,12.0,35.0,54.0,7.0,73.0
2022-12-15,2.0,13.0,25.0,36.0,10.0,84.0
2022-12-16,2.0,8.0,32.0,49.0,12.0,85.0
2022-12-17,2.0,10.0,31.0,43.0,14.0,87.0
2022-12-18,2.0,12.0,16.0,26.0,10.0,73.0
2022-12-19,2.0,14.0,37.0,62.0,6.0,66.0
2022-12-20,2.0,16.0,46.0,75.0,6.0,67.0
2022-12-21,2.3333333333333335,13.666666666666666,66.0,107.0,4.0,72.0
2022-12-22,2.6666666666666665,11.333333333333332,86.0,156.0,4.0,75.0
2022-12-23,3.0,9.0,136.0,247.0,4.0,77.0
2022-12-24,3.0,12.0,154.0,278.0,5.0,78.0
2022-12-25,3.0,15.0,91.0,141.0,10.0,72.0
2022-12-26,3.0,10.0,67.0,106.0,8.0,72.0
2022-12-27,3.0,9.0,93.0,152.0,6.0,75.0
2022-12-28,2.0,10.0,79.0,119.0,9.0,75.0
2022-12-29,11.0,7.5,48.0,75.0,9.0,73.0
2022-12-30,20.0,5.0,67.0,108.0,7.0,76.0
2022-12-31,18.0,5.0,81.0,177.0,6.0,83.0
2023-01-01,18.8,5.5,65.0,147.0,6.0,84.0
2023-01-02,19.6,6.0,56.0,133.0,5.0,83.0
2023-01-03,20.4,6.333333333333333,69.0,159.0,5.0,83.0
2023-01-04,21.2,6.666666666666667,72.0,145.0,7.0,80.0
2023-01-05,22.0,7.0,68.0,102.0,9.0,77.0
2023-01-06,24.0,8.0,85.0,130.0,8.0,71.0
2023-01-07,21.0,9.0,56.0,88.0,6.0,70.0
2023-01-08,21.0,9.0,71.0,107.0,6.0,69.0
2023-01-09,24.0,6.0,67.0,99.0,7.0,74.0
2023-01-10,17.0,12.0,28.0,42.0,9.0,79.0
2023-01-11,14.0,13.5,16.0,26.0,7.0,71.0
2023-01-12,11.0,15.0,15.0,23.0,8.0,69.0
2023-01-13,16.0,11.0,29.0,46.0,8.0,72.0
2023-01-14,19.0,6.0,59.0,100.0,6.0,75.0
2023-01-15,18.0,14.0,42.0,65.0,8.0,69.0
2023-01-16,24.0,8.0,49.0,79.0,6.0,72.0
2023-01-17,24.5,14.5,34.0,51.0,10.0,80.0
2023-01-18,25.0,21.0,14.0,31.0,14.0,67.0
2023-01-19,16.0,35.0,12.0,41.0,14.0,61.0
2023-01-20,16.0,31.0,11.0,19.0,11.0,74.0
2023-01-21,16.0,27.0,21.0,30.0,8.0,77.0
2023-01-22,16.0,23.0,36.0,55.0,9.0,69.0
2023-01-23,16.0,19.0,14.0,22.0,11.0,82.0
2023-01-24,16.0,15.0,17.0,25.0,10.0,83.0
2023-01-25,16.0,11.0,19.0,29.0,8.0,80.0
2023-01-26,11.0,13.5,13.0,20.0,6.0,80.0
2023-01-27,16.0,16.0,15.0,22.0,5.0,73.0
2023-01-28,14.0,19.0,18.0,30.0,6.0,66.0
2023-01-29,12.0,22.0,21.0,33.0,5.0,67.0
2023-01-30,19.0,19.0,29.0,54.0,4.0,64.0
2023-01-31,17.0,29.0,15.0,28.0,5.0,62.0
2023-02-01,25.0,26.0,19.0,35.0,7.0,50.0
2023-02-02,24.0,19.0,27.0,46.0,8.0,55.0
2023-02-03,20.5,29.0,15.0,27.0,8.0,55.0
2023-02-04,17.0,28.0,18.0,31.0,6.0,61.0
2023-02-05,8.0,54.0,5.0,10.0,2.0,44.0
2023-02-06,8.5,46.0,8.0,15.0,1.0,46.0
2023-02-07,9.0,35.0,17.0,28.0,2.0,47.0
2023-02-08,16.0,23.0,30.0,51.0,1.0,49.0
2023-02-09,19.0,24.0,30.0,51.0,2.0,48.0
2023-02-10,21.0,20.0,44.0,74.0,2.0,49.0
2023-02-11,20.0,22.0,42.0,74.0,4.0,46.0
2023-02-12,19.0,24.0,43.0,74.0,4.0,58.0
2023-02-13,18.0,26.0,47.0,76.0,7.0,54.0
2023-02-14,15.0,26.0,34.0,55.0,7.0,52.0
2023-02-15,16.0,32.0,27.0,47.0,8.0,51.0
2023-02-16,23.0,22.0,47.0,77.0,7.0,53.0
2023-02-17,23.2,21.4,48.0,79.0,9.0,52.0
2023-02-18,23.4,20.8,43.0,70.0,10.0,50.0
2023-02-19,23.6,20.2,39.0,62.0,11.0,51.0
2023-02-20,23.8,19.6,16.0,26.0,13.0,47.0
2023-02-21,24.0,19.0,26.0,46.0,12.0,47.0
2023-02-22,25.0,21.0,31.0,53.0,13.0,47.0
2023-02-23,24.0,21.0,33.0,53.0,13.0,53.0
2023-02-24,17.0,23.0,31.0,47.0,13.0,62.0
2023-02-25,18.0,20.0,31.0,52.0,14.0,63.0
2023-02-26,7.0,53.0,9.0,28.0,16.0,54.0
2023-02-27,9.0,25.0,13.0,23.0,12.0,67.0
2023-02-28,12.0,19.0,25.0,44.0,11.0,68.0
2023-03-01,11.0,10.0,26.0,43.0,11.0,76.0
2023-03-02,12.0,14.0,25.0,38.0,11.0,82.0
2023-03-03,16.0,18.0,19.0,29.0,12.0,75.0
2023-03-04,13.0,19.0,19.0,29.0,10.0,74.0
2023-03-05,12.0,27.0,26.0,40.0,11.0,67.0
2023-03-06,19.0,21.0,31.0,48.0,10.0,58.0
2023-03-07,18.5,19.0,22.0,37.0,12.0,56.0
2023-03-08,18.0,17.0,19.0,32.0,11.0,60.0
2023-03-09,12.0,30.0,14.0,24.0,14.0,53.0
2023-03-10,16.0,13.0,18.0,28.0,14.0,70.0
2023-03-11,13.0,26.0,11.0,18.0,13.0,69.0
2023-03-12,8.0,50.0,6.0,11.0,11.0,44.0
2023-03-13,14.0,33.0,12.0,21.0,10.0,41.0
2023-03-14,14.0,33.0,15.0,27.0,11.0,45.0
2023-03-15,10.0,25.0,13.0,19.0,10.0,68.0
2023-03-16,6.0,51.0,5.0,10.0,8.0,55.0
2023-03-17,9.0,42.0,8.0,13.0,10.0,51.0
2023-03-18,12.0,33.0,14.0,22.0,11.0,48.0
2023-03-19,13.0,34.0,18.0,29.0,12.0,44.0
2023-03-20,12.5625,35.8125,20.0,34.0,14.0,46.0
2023-03-21,12.125,37.625,21.0,32.0,14.0,62.0
2023-03-22,11.6875,39.4375,19.846153846153847,30.384615384615383,13.846153846153847,62.07692307692308
2023-03-23,11.25,41.25,18.692307692307693,28.76923076923077,13.692307692307692,62.15384615384615
2023-03-24,10.8125,43.0625,17.53846153846154,27.153846153846153,13.538461538461538,62.23076923076923
2023-03-25,10.375,44.875,16.384615384615387,25.53846153846154,13.384615384615385,62.30769230769231
2023-03-26,9.9375,46.6875,15.230769230769232,23.923076923076923,13.23076923076923,62.38461538461539
2023-03-27,9.5,48.5,14.076923076923077,22.307692307692307,13.076923076923077,62.46153846153846
2023-03-28,9.0625,50.3125,12.923076923076923,20.692307692307693,12.923076923076923,62.53846153846154
2023-03-29,8.625,52.125,11.76923076923077,19.076923076923077,12.76923076923077,62.61538461538461
2023-03-30,8.1875,53.9375,10.615384615384617,17.46153846153846,12.615384615384615,62.69230769230769
2023-03-31,7.75,55.75,9.461538461538463,15.846153846153847,12.461538461538462,62.76923076923077
2023-04-01,7.3125,57.5625,8.307692307692308,14.23076923076923,12.307692307692307,62.84615384615385
2023-04-02,6.875,59.375,7.153846153846155,12.615384615384613,12.153846153846153,62.92307692307692
2023-04-03,6.4375,61.1875,6.0,11.0,12.0,63.0
2023-04-04,6.0,63.0,4.0,6.0,8.0,60.0
2023-04-05,8.0,64.0,7.0,12.0,8.0,53.0
2023-04-06,6.0,71.0,10.0,16.0,9.0,48.0
2023-04-07,9.0,63.0,11.0,18.0,11.0,42.0
2023-04-08,8.0,65.0,11.0,17.0,12.0,48.0
2023-04-09,4.0,59.0,14.0,20.0,11.0,71.0
2023-04-10,3.5,67.0,10.0,15.0,13.0,63.0
2023-04-11,3.0,75.0,12.0,19.0,14.0,52.0
2023-04-12,4.5,65.0,7.0,14.0,15.0,45.0
2023-04-13,6.0,63.166666666666664,6.0,12.0,16.0,43.0
2023-04-14,4.5,61.333333333333336,5.0,9.0,15.0,48.0
2023-04-15,3.0,59.5,4.0,8.0,15.0,45.0
2023-04-16,3.2,57.666666666666664,6.0,12.0,15.0,57.0
2023-04-17,3.4,55.833333333333336,4.0,8.0,15.0,69.0
2023-04-18,3.6,54.0,6.0,10.0,15.0,66.0
2023-04-19,3.8,61.0,8.0,13.0,15.0,63.0
2023-04-20,4.0,62.0,11.0,18.0,17.0,56.0
2023-04-21,3.0,68.0,10.0,16.0,17.0,50.0
2023-04-22,3.0,65.0,8.0,13.0,18.0,49.0
2023-04-23,3.0,62.0,7.0,12.0,18.0,50.0
2023-04-24,3.0,60.5,8.0,13.0,17.0,60.0
2023-04-25,3.0,59.0,7.0,11.0,17.0,61.0
2023-04-26,4.0,61.0,6.0,10.0,13.0,68.0
2023-04-27,3.0,80.0,3.0,9.0,14.0,40.0
2023-04-28,3.0,70.0,5.0,11.0,15.0,39.0
2023-04-29,5.0,63.0,8.0,15.0,16.0,53.0
2023-04-30,2.0,70.0,9.0,14.0,18.0,57.0
2023-05-01,2.0,69.0,7.0,11.0,19.0,52.0
2023-05-02,2.0,52.0,5.0,10.0,18.0,53.0
2023-05-03,2.0,43.0,5.0,11.0,16.0,63.0
2023-05-04,3.0,31.0,9.0,14.0,17.0,68.0
2023-05-05,1.0,49.0,7.0,11.0,19.0,53.0
2023-05-06,3.0,35.0,7.0,12.0,20.0,50.0
2023-05-07,3.0,32.0,7.0,11.0,21.0,50.0
2023-05-08,3.0,29.0,8.0,13.0,21.0,58.0
2023-05-09,2.0,31.0,9.0,13.0,17.0,69.0
2023-05-10,2.0,23.0,5.0,9.0,14.0,75.0
2023-05-11,3.0,22.5,7.0,12.0,15.0,75.0
2023-05-12,2.0,22.0,7.0,13.0,17.0,70.0
2023-05-13,2.3333333333333335,25.0,9.0,14.0,18.0,68.0
2023-05-14,2.6666666666666665,17.0,9.0,14.0,16.0,79.0
2023-05-15,3.0,21.0,8.0,14.0,18.0,68.0
2023-05-16,4.0,8.0,10.0,18.0,18.0,74.0
2023-05-17,3.3333333333333335,31.0,5.0,13.0,20.0,60.0
2023-05-18,2.666666666666667,38.0,4.0,8.0,17.0,67.0
2023-05-19,2.0,34.666666666666664,7.0,12.0,20.0,56.0
2023-05-20,2.0,31.333333333333332,9.0,14.0,20.0,59.0
2023-05-21,2.0,28.0,8.0,14.0,20.0,62.0
2023-05-22,2.0,30.0,7.0,13.0,20.0,62.0
2023-05-23,2.0,33.0,5.0,11.0,21.0,55.0
2023-05-24,2.0,36.0,7.0,13.0,22.0,58.0
2023-05-25,2.0,35.0,8.0,14.0,22.0,62.0
2023-05-26,2.0,38.0,6.0,12.0,21.0,60.0
2023-05-27,1.0,41.0,7.0,12.0,21.0,59.0
2023-05-28,1.5,39.0,9.0,14.0,21.0,61.0
2023-05-29,2.0,29.0,6.0,10.0,22.0,59.0
2023-05-30,2.5,20.0,6.0,11.0,22.0,66.0
2023-05-31,3.0,8.0,7.0,12.0,21.0,73.0
2023-06-01,3.0,13.0,7.0,13.0,22.0,67.0
2023-06-02,2.0,25.0,8.0,13.0,23.0,57.0
2023-06-03,1.6666666666666667,35.0,6.0,10.0,22.0,59.0
2023-06-04,1.3333333333333335,31.0,5.0,9.0,22.0,63.0
2023-06-05,1.0,18.0,9.0,14.0,23.0,64.0
2023-06-06,2.0,23.5,8.0,13.0,24.0,59.0
2023-06-07,2.0,29.0,5.0,10.0,23.0,59.0
2023-06-08,2.0,29.0,8.0,14.0,24.0,59.0
2023-06-09,2.0,43.0,6.0,10.0,25.0,56.0
2023-06-10,1.0,42.0,5.0,10.0,24.0,58.0
2023-06-11,1.5,49.0,7.0,10.0,24.0,60.0
2023-06-12,2.0,38.5,8.0,13.0,22.0,70.0
2023-06-13,2.0,28.0,4.0,8.0,22.0,69.0
2023-06-14,2.0,22.0,7.0,12.0,23.0,69.0
2023-06-15,3.0,15.0,9.0,15.0,21.0,77.0
2023-06-16,2.0,24.0,6.0,10.0,21.0,75.0
2023-06-17,1.0,50.0,6.0,9.0,19.0,67.0
2023-06-18,1.0,51.0,7.0,11.0,21.0,60.0
2023-06-19,1.6666666666666665,50.0,8.0,13.0,24.0,53.0
2023-06-20,2.333333333333333,46.0,10.0,15.0,25.0,52.0
2023-06-21,3.0,42.0,11.0,16.0,27.0,54.0
2023-06-22,6.0,41.0,11.0,16.0,28.0,53.0
2023-06-23,5.5,39.5,9.0,15.0,28.0,54.0
2023-06-24,5.0,38.0,10.0,18.0,27.0,62.0
2023-06-25,4.0,36.0,9.0,16.0,26.0,60.0
2023-06-26,4.0,47.0,9.0,13.0,26.0,51.0
2023-06-27,6.0,51.0,6.0,11.0,27.0,48.0
2023-06-28,6.0,60.0,7.0,11.0,24.0,55.0
2023-06-29,1.0,63.0,4.0,7.0,22.0,54.0
2023-06-30,2.0,38.0,6.0,9.0,24.0,51.0
2023-07-01,2.0,35.0,7.0,12.0,24.0,60.0
2023-07-02,2.25,35.5,7.0,12.0,24.0,67.0
2023-07-03,2.5,36.0,7.0,11.0,26.0,55.0
2023-07-04,2.75,36.5,4.0,8.0,27.0,53.0
2023-07-05,3.0,37.0,5.0,9.0,25.0,63.0
2023-07-06,4.0,44.0,4.0,8.0,26.0,55.0
2023-07-07,5.0,51.0,10.0,15.0,27.0,55.0
2023-07-08,3.666666666666667,61.0,5.0,10.0,26.0,48.0
2023-07-09,2.3333333333333335,52.0,4.0,8.0,26.0,45.0
2023-07-10,1.0,51.0,5.0,9.0,26.0,45.0
2023-07-11,2.0,53.0,6.0,10.0,28.0,46.0
2023-07-12,3.0,45.0,7.0,11.0,29.0,47.0
2023-07-13,4.0,37.0,6.0,12.0,30.0,45.0
2023-07-14,2.0,59.0,9.0,16.0,31.0,47.0
2023-07-15,1.0,55.0,9.0,16.0,31.0,50.0
2023-07-16,2.0,44.0,10.0,18.0,32.0,51.0
2023-07-17,3.0,49.0,11.0,17.0,32.0,49.0
2023-07-18,1.0,45.0,8.0,13.0,31.0,45.0
2023-07-19,4.0,58.0,7.0,12.0,31.0,43.0
2023-07-20,4.166666666666667,52.0,7.0,16.0,31.0,46.0
2023-07-21,4.333333333333333,46.0,6.0,14.0,31.0,43.0
2023-07-22,4.5,39.666666666666664,7.0,19.0,32.0,39.0
2023-07-23,4.666666666666667,33.333333333333336,8.0,18.0,30.0,42.0
2023-07-24,4.833333333333333,27.0,10.0,18.0,29.0,47.0
2023-07-25,5.0,40.0,8.0,17.0,31.0,45.0
2023-07-26,3.0,45.0,6.0,14.0,30.0,40.0
2023-07-27,3.0,54.0,3.0,6.0,25.0,41.0
2023-07-28,3.0,52.0,4.0,7.0,25.0,40.0
2023-07-29,3.0,56.0,5.0,9.0,28.0,41.0
2023-07-30,2.0,58.0,5.0,8.0,29.0,40.0
2023-07-31,1.0,57.5,5.0,8.0,28.0,44.0
2023-08-01,1.0,57.0,5.0,8.0,28.0,43.0
2023-08-02,2.0,56.0,6.0,10.0,29.0,44.0
2023-08-03,3.0,47.0,6.0,10.0,30.0,44.0
2023-08-04,3.0,43.0,7.0,11.0,31.0,42.0
2023-08-05,2.0,47.0,5.0,10.0,28.0,48.0
2023-08-06,2.0,43.0,3.0,6.0,25.0,54.0
2023-08-07,1.0,41.0,3.0,7.0,25.0,50.0
2023-08-08,1.0,55.0,3.0,6.0,23.0,45.0
2023-08-09,1.0,46.0,4.0,8.0,23.0,46.0
2023-08-10,1.0,52.0,4.0,9.0,24.0,49.0
2023-08-11,1.0,65.0,3.0,8.0,24.0,47.0
2023-08-12,1.0,70.0,3.0,6.0,25.0,43.0
2023-08-13,0.0,73.0,4.0,6.0,26.0,43.0
2023-08-14,1.0,59.0,6.0,10.0,27.0,44.0
2023-08-15,1.0,60.0,5.0,9.0,27.0,46.0
2023-08-16,1.0,57.0,9.0,14.0,27.0,50.0
2023-08-17,1.0,55.0,11.0,16.0,28.0,52.0
2023-08-18,1.0,49.0,10.0,15.0,30.0,50.0
2023-08-19,2.0,58.0,7.0,13.0,30.0,46.0
2023-08-20,1.0,61.0,5.0,9.0,30.0,42.0
2023-08-21,1.0,64.0,8.0,14.0,30.0,43.0
2023-08-22,1.5,59.0,10.0,15.0,31.0,43.0
2023-08-23,2.0,46.0,12.0,20.0,30.0,45.0
2023-08-24,3.0,34.0,14.0,20.0,28.0,54.0
2023-08-25,2.0,44.0,13.0,22.0,29.0,50.0
2023-08-26,2.0,51.0,11.0,22.0,30.0,42.0
2023-08-27,2.0,47.0,13.0,25.0,30.0,42.0
2023-08-28,2.0,47.0,12.0,23.0,30.0,43.0
2023-08-29,2.0,43.0,11.0,22.0,27.0,53.0
2023-08-30,3.0,38.0,5.0,11.0,25.0,50.0
2023-08-31,2.0,33.0,3.0,7.0,24.0,49.0
2023-09-01,2.0,43.0,5.0,9.0,24.0,46.0
2023-09-02,2.0,48.0,9.0,14.0,26.0,44.0
2023-09-03,1.3333333333333335,45.0,8.0,12.0,27.0,40.0
2023-09-04,0.6666666666666667,32.0,4.0,7.0,21.0,58.0
2023-09-05,0.0,35.0,4.0,7.0,23.0,51.0
2023-09-06,0.3333333333333333,43.0,5.0,8.0,25.0,47.0
2023-09-07,0.6666666666666666,38.0,7.0,10.0,25.0,49.0
2023-09-08,1.0,41.0,6.0,10.0,25.0,48.0
2023-09-09,2.0,48.0,5.0,10.0,25.0,43.0
2023-09-10,2.0,50.0,5.0,10.0,25.0,39.0
2023-09-11,2.0,46.666666666666664,6.0,11.0,25.0,40.0
2023-09-12,2.0,43.333333333333336,7.0,14.0,24.0,42.0
2023-09-13,2.0,40.0,6.0,13.0,25.0,43.0
2023-09-14,1.0,42.0,6.0,14.0,24.0,43.0
2023-09-15,1.0,44.0,12.0,17.0,25.0,50.0
2023-09-16,1.0,46.0,12.0,17.0,25.0,53.0
2023-09-17,1.1428571428571428,48.0,8.0,13.0,25.0,54.0
2023-09-18,1.2857142857142856,42.2,10.0,15.0,25.0,51.0
2023-09-19,1.4285714285714286,36.4,10.0,16.0,25.0,52.0
2023-09-20,1.5714285714285714,30.6,8.0,15.0,25.0,52.0
2023-09-21,1.7142857142857142,24.8,7.0,15.0,24.0,54.0
2023-09-22,1.8571428571428572,19.0,8.0,18.0,25.0,56.0
2023-09-23,2.0,31.0,9.0,25.0,26.0,49.0
2023-09-24,1.0,49.0,6.0,18.0,25.0,51.0
2023-09-25,1.0,40.0,7.0,12.0,22.0,63.0
2023-09-26,1.0,48.0,5.0,12.0,24.0,47.0
2023-09-27,1.0,52.0,5.0,11.0,24.0,43.0
2023-09-28,0.75,52.0,4.0,10.0,24.0,42.0
2023-09-29,0.5,52.0,5.0,12.0,23.0,43.0
2023-09-30,0.25,59.0,5.0,12.0,23.0,40.0
2023-10-01,0.0,75.0,11.0,20.0,23.0,44.0
2023-10-02,1.0,61.0,6.0,12.0,21.0,43.0
2023-10-03,2.0,49.0,8.0,16.0,20.0,47.0
2023-10-04,4.0,44.0,10.0,19.0,21.0,48.0
2023-10-05,3.0,53.0,13.0,21.0,22.0,52.0
2023-10-06,3.0,56.0,8.0,15.0,21.0,49.0
2023-10-07,3.0,49.0,8.0,16.0,19.0,44.0
2023-10-08,3.0,42.0,10.0,20.0,20.0,43.0
2023-10-09,4.0,38.0,6.0,15.0,21.0,44.0
2023-10-10,5.0,34.0,8.0,19.0,20.0,47.0
2023-10-11,4.0,41.0,9.0,19.0,20.0,51.0
2023-10-12,4.0,38.0,12.0,22.0,19.0,52.0
2023-10-13,5.0,38.0,13.0,24.0,20.0,50.0
2023-10-14,4.0,38.0,11.0,21.0,20.0,50.0
2023-10-15,4.0,38.333333333333336,12.0,22.0,20.0,49.0
2023-10-16,4.0,38.666666666666664,4.0,8.0,16.0,42.0
2023-10-17,4.0,39.0,17.0,27.0,12.0,63.0
2023-10-18,4.0,32.0,13.0,19.0,14.0,71.0
2023-10-19,4.0,28.5,10.0,16.0,16.0,68.0
2023-10-20,4.0,25.0,12.0,20.0,18.0,70.0
2023-10-21,5.0,22.0,13.0,23.0,19.0,71.0
2023-10-22,3.0,23.0,9.0,21.0,21.0,66.0
2023-10-23,3.0,25.0,8.0,23.0,21.0,65.0
2023-10-24,3.5,26.0,10.0,24.0,19.0,62.0
2023-10-25,4.0,22.0,12.0,30.0,18.0,75.0
2023-10-26,5.0,14.0,13.0,29.0,19.0,74.0
2023-10-27,6.0,14.0,9.0,20.0,18.0,77.0
2023-10-28,5.0,16.0,7.0,15.0,19.0,69.0
2023-10-29,3.0,28.0,8.0,16.0,17.0,60.0
2023-10-30,6.5,23.0,10.0,20.0,16.0,61.0
2023-10-31,10.0,19.0,11.0,22.0,15.0,66.0
2023-11-01,7.0,26.0,10.0,17.0,17.0,69.0
2023-11-02,7.333333333333333,24.0,13.0,22.0,17.0,69.0
2023-11-03,7.666666666666667,25.5,8.0,15.0,17.0,72.0
2023-11-04,8.0,27.0,8.0,14.0,15.0,78.0
2023-11-05,8.0,22.0,10.0,18.0,13.0,74.0
2023-11-06,7.0,26.0,7.0,15.0,17.0,62.0
2023-11-07,7.5,23.0,9.5,19.0,14.5,70.0
2023-11-08,8.0,20.0,12.0,23.0,12.0,78.0
2023-11-09,12.0,23.0,16.0,26.0,12.0,69.0
2023-11-10,7.0,10.0,18.0,29.0,11.0,75.0
2023-11-11,7.0,15.666666666666668,11.0,18.0,13.0,68.0
2023-11-12,7.0,21.333333333333336,9.0,16.0,11.0,69.0
2023-11-13,7.0,27.0,13.0,22.0,13.0,70.0
2023-11-14,4.0,14.0,28.0,50.0,11.0,74.0
2023-11-15,4.0,26.0,19.0,35.0,11.0,74.0
2023-11-16,8.0,32.0,10.0,20.0,12.0,63.0
2023-11-17,8.6,27.0,13.0,22.0,11.0,71.0
2023-11-18,9.2,22.0,2.0,4.0,9.0,48.0
2023-11-19,9.8,17.0,10.0,17.0,9.0,45.0
2023-11-20,10.4,12.0,21.0,36.0,9.0,57.0
2023-11-21,11.0,7.0,42.0,75.0,8.0,68.0
2023-11-22,12.0,7.0,37.0,60.0,10.0,76.0
2023-11-23,7.0,8.0,10.0,16.0,12.0,73.0
2023-11-24,6.0,9.0,26.0,44.0,12.0,74.0
2023-11-25,3.0,36.0,8.0,15.0,7.0,75.0
2023-11-26,4.0,57.0,5.0,8.0,5.0,50.0
2023-11-27,11.0,27.0,16.0,30.0,5.0,53.0
2023-11-28,12.0,19.0,18.0,30.0,6.0,70.0
2023-11-29,9.0,20.0,18.0,31.0,8.0,74.0
2023-11-30,9.0,18.0,27.0,46.0,7.0,72.0
2023-12-01,12.0,7.0,40.0,67.0,9.0,76.0
2023-12-02,9.5,18.5,22.0,38.0,12.0,69.0
2023-12-03,7.0,30.0,13.0,25.0,9.0,65.0
2023-12-04,9.333333333333334,24.0,17.0,30.0,5.0,58.0
2023-12-05,11.666666666666668,18.0,41.0,73.0,5.0,68.0
2023-12-06,14.0,12.0,47.0,78.0,8.0,75.0
2023-12-07,8.0,23.0,19.0,33.0,7.0,73.0
2023-12-08,8.0,31.0,17.0,27.0,6.0,63.0
2023-12-09,9.75,27.333333333333332,19.0,33.0,6.0,56.0
2023-12-10,11.5,23.666666666666668,35.0,62.0,6.0,65.0
2023-12-11,13.25,20.0,34.0,60.0,7.0,64.0
2023-12-12,15.0,13.5,37.0,65.0,9.0,63.0
2023-12-13,12.0,7.0,42.0,71.0,8.0,70.0
2023-12-14,9.0,18.333333333333336,32.0,52.0,8.0,75.0
2023-12-15,6.0,29.666666666666668,8.0,13.0,8.0,76.0
2023-12-16,3.0,41.0,5.0,8.0,6.0,71.0
2023-12-17,3.8333333333333335,32.25,16.0,28.0,6.0,61.0
2023-12-18,4.666666666666667,23.5,39.0,68.0,5.0,65.0
2023-12-19,5.5,14.75,60.0,102.0,6.0,68.0
2023-12-20,6.333333333333334,6.0,77.0,148.0,5.0,73.0
2023-12-21,7.166666666666667,7.0,61.0,112.0,6.0,66.0
2023-12-22,8.0,19.0,32.0,55.0,6.0,72.0
2023-12-23,10.0,18.0,44.0,85.0,5.0,76.0
2023-12-24,9.0,12.0,62.0,103.0,7.0,71.0
2023-12-25,10.0,12.0,63.0,107.0,7.0,70.0
2023-12-26,13.0,11.0,65.0,111.0,7.0,69.0
2023-12-27,12.333333333333334,13.0,56.0,94.0,8.0,68.0
2023-12-28,11.666666666666666,11.5,52.0,91.0,7.0,69.0
2023-12-29,11.0,10.0,76.0,141.0,5.0,72.0
2023-12-30,12.0,9.0,89.0,165.0,6.0,73.0
2023-12-31,9.0,17.0,82.0,138.0,7.0,71.0
2024-01-01,9.0,21.0,84.0,145.0,7.0,73.0
2024-01-02,9.0,17.0,80.0,135.0,8.0,78.0
2024-01-03,9.0,16.0,58.0,128.0,7.0,79.0
2024-01-04,9.0,15.0,48.0,94.0,7.0,78.0
2024-01-05,9.0,14.0,59.0,129.0,6.0,80.0
2024-01-06,7.333333333333333,13.0,83.0,151.0,7.0,80.0
2024-01-07,5.666666666666666,25.5,27.0,42.0,9.0,80.0
2024-01-08,4.0,38.0,16.0,26.0,8.0,74.0
2024-01-09,4.0,45.0,10.0,18.0,3.0,64.0
2024-01-10,6.0,43.5,13.0,23.0,3.0,59.0
2024-01-11,8.0,42.0,24.0,44.0,3.0,60.0
2024-01-12,6.0,45.0,25.0,47.0,3.0,58.0
2024-01-13,7.0,46.0,26.0,49.0,3.0,52.0
2024-01-14,9.0,32.0,41.0,80.0,2.0,57.0
2024-01-15,13.0,24.0,58.0,110.0,3.0,59.0
2024-01-16,9.0,37.0,37.0,69.0,4.0,62.0
2024-01-17,13.0,25.0,36.0,65.0,5.0,60.0
2024-01-18,11.0,12.0,32.0,52.0,10.0,74.0
2024-01-19,7.0,10.0,40.0,75.0,11.0,78.0
2024-01-20,6.0,28.0,5.0,10.0,3.0,70.0
2024-01-21,5.0,46.0,13.0,22.0,4.0,58.0
2024-01-22,10.0,21.0,31.0,53.0,2.0,57.0
2024-01-23,15.0,27.0,34.0,60.0,3.0,57.0
2024-01-24,7.0,33.0,15.0,27.0,8.0,50.0
2024-01-25,15.0,39.0,21.0,37.0,8.0,56.0
2024-01-26,9.0,45.0,8.0,18.0,10.0,45.0
2024-01-27,7.0,35.0,11.0,21.0,8.0,47.0
2024-01-28,4.0,46.0,6.0,11.0,7.0,48.0
2024-01-29,7.0,33.0,11.0,18.0,7.0,52.0
2024-01-30,9.0,33.0,14.0,25.0,7.0,46.0
2024-01-31,13.0,25.0,24.0,45.0,6.0,42.0
2024-02-01,15.0,17.0,34.0,61.0,6.0,41.0
2024-02-02,12.0,22.0,24.0,45.0,7.0,44.0
2024-02-03,12.0,19.0,25.0,46.0,6.0,50.0
2024-02-04,12.0,18.0,46.0,80.0,9.0,52.0
2024-02-05,12.5,15.333333333333334,38.0,64.0,9.0,55.0
2024-02-06,13.0,12.666666666666668,37.0,64.0,10.0,50.0
2024-02-07,16.0,10.0,40.0,68.0,9.0,55.0
2024-02-08,13.0,16.0,35.0,62.0,11.0,53.0
2024-02-09,13.0,17.0,25.0,42.0,11.0,52.0
2024-02-10,9.5,22.5,30.0,50.0,10.0,59.0
2024-02-11,6.0,28.0,15.0,25.0,12.0,64.0
2024-02-12,8.0,18.0,16.0,31.0,11.0,68.0
2024-02-13,6.0,26.0,8.0,15.0,11.0,57.0
2024-02-14,7.0,34.0,8.0,14.0,10.0,47.0
2024-02-15,9.0,39.0,13.0,23.0,10.0,44.0
2024-02-16,12.0,24.0,19.0,36.0,9.0,50.0
2024-02-17,9.0,21.0,25.0,42.0,10.0,49.0
2024-02-18,6.0,29.0,22.0,38.0,11.0,49.0
2024-02-19,5.333333333333333,29.0,22.0,35.0,11.0,51.0
2024-02-20,4.666666666666667,29.0,21.0,34.0,11.0,51.0
2024-02-21,4.0,29.0,14.0,24.0,11.0,50.0
2024-02-22,3.3333333333333335,29.0,16.0,27.0,12.0,51.0
2024-02-23,2.666666666666667,29.0,19.0,31.0,13.0,54.0
2024-02-24,2.0,29.0,17.0,29.0,14.0,59.0
2024-02-25,3.0,38.0,11.0,19.0,14.0,62.0
2024-02-26,3.5,34.0,14.0,23.0,15.0,58.0
2024-02-27,4.0,30.0,13.0,24.0,14.0,56.0
2024-02-28,5.0,35.0,14.0,23.0,14.0,62.0
2024-02-29,4.0,31.0,16.0,27.0,14.0,66.0
2024-03-01,4.0,47.0,11.0,18.0,13.0,72.0
2024-03-02,5.0,29.0,13.0,23.0,14.0,65.0
2024-03-03,6.0,27.0,12.0,23.0,13.0,57.0
2024-03-04,4.0,36.0,9.0,18.0,13.0,62.0
2024-03-05,5.0,39.0,11.0,19.0,14.0,59.0
2024-03-06,6.5,36.0,13.0,22.0,13.0,57.0
2024-03-07,8.0,33.0,10.0,18.0,12.0,62.0
2024-03-08,4.0,36.0,9.0,16.0,12.0,52.0
2024-03-09,7.0,29.0,11.0,19.0,11.0,61.0
2024-03-10,4.0,40.0,11.0,18.0,13.0,64.0
2024-03-11,6.0,39.0,10.0,17.0,13.0,69.0
2024-03-12,5.0,33.0,11.0,20.0,12.0,68.0
2024-03-13,5.0,26.0,7.0,14.0,12.0,59.0
2024-03-14,4.0,31.0,10.0,17.0,13.0,53.0
2024-03-15,6.0,31.0,14.0,23.0,13.0,52.0
2024-03-16,5.0,31.0,12.0,20.0,15.0,51.0
2024-03-17,4.0,35.0,10.0,16.0,15.0,60.0
2024-03-18,4.0,29.0,9.0,15.0,15.0,51.0
2024-03-19,2.0,41.0,7.0,12.0,12.0,54.0
2024-03-20,6.0,44.0,7.0,14.0,11.0,39.0
2024-03-21,6.0,30.0,13.0,22.0,12.0,41.0
2024-03-22,7.0,36.0,12.0,23.0,14.0,38.0
2024-03-23,5.0,39.0,12.0,21.0,14.0,46.0
2024-03-24,4.0,42.0,8.0,15.0,15.0,47.0
2024-03-25,6.0,47.0,6.0,11.0,11.0,52.0
2024-03-26,7.0,23.0,12.0,20.0,9.0,60.0
2024-03-27,4.0,29.0,14.0,26.0,13.0,69.0
2024-03-28,3.0,48.0,6.0,14.0,18.0,50.0
2024-03-29,7.0,43.0,6.0,12.0,18.0,47.0
2024-03-30,7.0,55.0,5.0,13.0,19.0,46.0
2024-03-31,13.0,48.666666666666664,5.0,15.0,19.0,48.0
2024-04-01,19.0,42.333333333333336,7.0,20.0,19.0,48.0
2024-04-02,25.0,36.0,3.0,11.0,20.0,33.0
2024-04-03,31.0,33.333333333333336,4.0,9.0,17.0,36.0
2024-04-04,29.0,30.666666666666668,5.0,11.0,18.0,37.0
2024-04-05,33.0,28.0,5.0,12.0,18.0,40.0
2024-04-06,36.0,29.0,5.0,11.0,20.0,42.0
2024-04-07,20.0,41.0,4.0,9.0,20.0,43.0
2024-04-08,32.0,28.0,4.0,8.0,19.0,39.0
2024-04-09,46.0,30.5,5.0,10.0,20.0,41.0
2024-04-10,37.0,33.0,5.0,10.0,20.0,43.0
2024-04-11,31.0,37.0,6.0,20.0,21.0,41.0
2024-04-12,29.0,45.0,7.0,12.0,22.0,43.0
2024-04-13,25.0,49.0,8.0,15.0,23.0,46.0
2024-04-14,25.75,40.5,5.0,10.0,22.0,43.0
2024-04-15,26.5,32.0,6.0,13.0,22.0,43.0
2024-04-16,27.25,23.5,6.0,15.0,20.0,50.0
2024-04-17,28.0,15.0,5.0,11.0,16.0,68.0
2024-04-18,24.0,31.0,3.0,6.0,12.0,58.0
2024-04-19,25.0,24.0,6.0,10.0,13.0,56.0
2024-04-20,18.0,45.0,5.0,9.0,15.0,46.0
2024-04-21,20.0,22.0,7.0,11.0,11.0,67.0
2024-04-22,32.0,15.5,7.0,12.0,14.0,56.0
2024-04-23,33.0,9.0,10.0,14.0,13.0,76.0
2024-04-24,15.0,32.0,5.0,11.0,16.0,57.0
2024-04-25,20.0,34.0,5.0,9.0,15.0,58.0
2024-04-26,31.0,25.0,5.0,9.0,15.0,52.0
2024-04-27,33.0,28.0,5.0,9.0,18.0,49.0
2024-04-28,33.0,31.666666666666668,5.0,9.0,19.0,45.0
2024-04-29,33.0,35.333333333333336,4.0,8.0,20.0,43.0
2024-04-30,33.0,39.0,3.0,7.0,20.0,43.0
2024-05-01,25.0,34.0,4.0,8.0,21.0,53.0
2024-05-02,23.0,35.333333333333336,5.0,10.0,20.0,62.0
2024-05-03,21.0,36.666666666666664,3.0,7.0,17.0,59.0
2024-05-04,18.0,38.0,4.0,7.0,16.0,64.0
2024-05-05,22.0,40.0,6.0,10.0,19.0,51.0
2024-05-06,26.0,33.0,4.0,9.0,20.0,50.0
2024-05-07,36.0,26.0,4.0,8.0,21.0,50.0
2024-05-08,29.0,23.0,5.0,9.0,22.0,56.0
2024-05-09,27.0,18.0,5.0,8.0,19.0,71.0
2024-05-10,23.5,31.0,2.0,5.0,17.0,64.0
2024-05-11,20.0,44.0,4.0,8.0,20.0,46.0
2024-05-12,23.0,42.0,4.0,8.0,20.0,49.0
2024-05-13,26.666666666666668,33.0,5.0,8.0,21.0,46.0
2024-05-14,30.333333333333332,24.0,5.0,8.0,17.0,64.0
2024-05-15,34.0,23.0,6.0,10.0,16.0,75.0
2024-05-16,32.333333333333336,24.0,5.0,9.0,14.0,77.0
2024-05-17,30.666666666666668,25.0,9.0,16.0,18.0,68.0
2024-05-18,29.0,26.0,8.0,18.0,21.0,63.0
2024-05-19,26.0,29.0,7.0,18.0,22.0,71.0
2024-05-20,29.0,32.5,10.0,19.0,23.0,69.0
2024-05-21,32.0,36.0,8.0,17.0,23.0,64.0
2024-05-22,30.0,19.0,7.0,17.0,21.0,69.0
2024-05-23,28.0,29.0,2.0,7.0,21.0,54.0
2024-05-24,23.0,35.0,4.0,8.0,22.0,54.0
2024-05-25,29.0,39.0,5.0,9.0,22.0,53.0
2024-05-26,27.0,41.0,4.0,7.0,22.0,55.0
2024-05-27,31.0,36.0,3.0,7.0,22.0,50.0
2024-05-28,34.5,33.0,4.0,8.0,20.0,53.0
2024-05-29,38.0,29.0,5.0,10.0,21.0,55.0
2024-05-30,34.0,34.0,5.0,10.0,22.0,55.0
2024-05-31,35.0,26.0,5.0,10.0,22.0,59.0
2024-06-01,35.0,32.0,5.0,10.0,24.0,54.0
2024-06-02,31.0,38.0,4.0,9.0,26.0,51.0
2024-06-03,41.0,38.5,7.0,12.0,25.0,62.0
2024-06-04,36.0,39.0,5.0,12.0,26.0,49.0
2024-06-05,33.0,48.5,3.0,8.0,25.0,47.0
2024-06-06,31.0,58.0,3.0,7.0,26.0,43.0
2024-06-07,39.0,58.5,4.0,8.0,27.0,44.0
2024-06-08,35.0,59.0,5.0,10.0,28.0,45.0
2024-06-09,33.0,53.0,7.0,13.0,28.0,47.0
2024-06-10,38.0,36.0,7.0,16.0,28.0,47.0
2024-06-11,43.0,43.0,4.0,12.0,28.0,39.0
2024-06-12,36.0,52.0,4.0,13.0,29.0,39.0
2024-06-13,38.0,45.0,4.0,15.0,29.0,40.0
2024-06-14,34.5,39.0,3.0,7.0,25.0,48.0
2024-06-15,31.0,52.0,4.0,8.0,25.0,46.0
2024-06-16,32.0,53.0,5.0,9.0,27.0,45.0
2024-06-17,38.0,47.0,5.0,8.0,28.0,46.0
2024-06-18,37.0,57.0,5.0,11.0,30.0,43.0
2024-06-19,37.0,54.0,6.0,10.0,30.0,41.0
2024-06-20,37.0,56.0,7.0,18.0,31.0,39.0
2024-06-21,30.0,69.0,8.0,27.0,32.0,40.0
2024-06-22,27.5,62.0,7.0,22.0,32.0,43.0
2024-06-23,25.0,55.0,8.0,18.0,30.0,52.0
2024-06-24,27.0,40.0,7.0,16.0,27.0,59.0
2024-06-25,37.0,35.0,5.0,13.0,27.0,58.0
2024-06-26,37.0,35.0,6.0,14.0,27.0,58.0
2024-06-27,33.0,27.0,5.0,10.0,25.0,68.0
2024-06-28,28.0,39.0,4.0,9.0,26.0,57.0
2024-06-29,21.0,62.0,7.0,10.0,29.0,48.0
2024-06-30,25.0,51.0,5.0,10.0,29.0,46.0
2024-07-01,37.0,52.0,6.0,12.0,30.0,47.0
2024-07-02,36.0,39.0,5.0,11.0,27.0,54.0
2024-07-03,24.0,41.0,4.0,8.0,24.0,48.0
2024-07-04,24.5,46.0,4.0,7.0,25.0,43.0
2024-07-05,25.0,51.0,5.0,9.0,26.0,44.0
2024-07-06,31.0,48.0,5.0,10.0,27.0,44.0
2024-07-07,26.0,58.0,6.0,10.0,29.0,43.0
2024-07-08,29.0,55.0,8.0,13.0,31.0,45.0
2024-07-09,32.0,53.0,6.0,12.0,31.0,42.0
2024-07-10,28.0,67.0,5.0,12.0,32.0,38.0
2024-07-11,35.0,62.0,5.0,13.0,32.0,38.0
2024-07-12,36.0,63.6,6.0,13.0,32.0,37.0
2024-07-13,37.0,65.2,7.0,13.0,32.0,37.0
2024-07-14,38.0,66.8,8.0,12.0,32.0,38.0
2024-07-15,39.0,68.4,8.0,14.0,33.0,37.0
2024-07-16,40.0,70.0,6.0,12.0,33.0,32.0
2024-07-17,47.0,68.0,7.0,13.0,32.0,32.0
2024-07-18,39.0,73.0,10.0,17.0,32.0,40.0
2024-07-19,47.0,65.0,10.0,16.0,32.0,45.0
2024-07-20,36.0,65.0,11.0,17.0,31.0,46.0
2024-07-21,27.0,71.0,11.0,15.0,31.0,43.0
2024-07-22,25.5,67.0,12.0,16.0,31.0,42.0
2024-07-23,24.0,86.0,8.0,12.0,31.0,40.0
2024-07-24,33.0,58.0,10.0,14.0,29.0,50.0
2024-07-25,26.0,58.0,5.0,9.0,28.0,44.0
2024-07-26,27.0,66.0,3.0,7.0,28.0,36.0
2024-07-27,33.0,72.0,4.0,9.0,28.0,36.0
2024-07-28,35.0,76.0,5.0,10.0,29.0,34.0
2024-07-29,30.0,75.0,4.0,9.0,30.0,37.0
2024-07-30,25.0,74.0,3.0,7.0,29.0,27.0
2024-07-31,34.0,71.0,5.0,10.0,28.0,30.0
2024-08-01,49.0,68.0,9.0,15.0,28.0,28.0
2024-08-02,39.0,72.0,12.0,20.0,29.0,32.0
2024-08-03,31.0,63.0,8.0,15.0,28.0,43.0
2024-08-04,28.0,63.0,5.0,9.0,27.0,45.0
2024-08-05,35.0,67.0,5.0,9.0,28.0,36.0
2024-08-06,31.0,62.0,5.0,8.0,28.0,37.0
2024-08-07,40.0,64.0,5.0,7.0,28.0,34.0
2024-08-08,40.0,64.0,6.0,10.0,28.0,39.0
2024-08-09,30.0,62.0,5.0,10.0,29.0,43.0
2024-08-10,26.0,72.0,4.0,7.0,30.0,34.0
2024-08-11,28.0,76.0,4.0,7.0,30.0,34.0
2024-08-12,41.0,65.0,5.0,9.0,31.0,34.0
2024-08-13,51.0,59.0,7.0,12.0,32.0,35.0
2024-08-14,54.0,48.0,9.0,14.0,32.0,34.0
2024-08-15,51.0,58.0,8.0,13.0,32.0,33.0
2024-08-16,48.0,70.0,9.0,14.0,32.0,33.0
2024-08-17,44.0,67.0,11.0,17.0,32.0,36.0
2024-08-18,36.0,53.0,10.0,16.0,29.0,47.0
2024-08-19,38.0,26.0,11.0,16.0,26.0,61.0
2024-08-20,34.0,36.0,9.0,14.0,26.0,63.0
2024-08-21,33.0,46.0,7.0,13.0,27.0,53.0
2024-08-22,37.0,53.0,7.0,13.0,29.0,47.0
2024-08-23,44.0,60.0,8.0,14.0,29.0,40.0
2024-08-24,42.0,57.0,7.0,13.0,30.0,35.0
2024-08-25,41.0,66.0,11.0,22.0,30.0,35.0
2024-08-26,47.0,47.0,8.0,31.0,28.0,41.0
2024-08-27,40.0,48.0,7.0,30.0,28.0,40.0
2024-08-28,31.0,65.0,8.0,31.0,29.0,39.0
2024-08-29,38.0,51.0,9.0,33.0,27.0,47.0
2024-08-30,41.0,44.0,7.0,29.0,26.0,51.0
2024-08-31,41.0,40.0,7.0,33.0,26.0,52.0
2024-09-01,40.0,44.0,7.0,36.0,27.0,42.0
2024-09-02,57.0,54.0,7.0,39.0,28.0,38.0
2024-09-03,58.0,39.0,8.0,37.0,28.0,38.0
2024-09-04,58.0,34.0,11.0,39.0,28.0,38.0
2024-09-05,58.0,28.0,14.0,22.0,28.0,40.0
2024-09-06,51.0,25.5,9.0,16.0,27.0,45.0
2024-09-07,39.0,23.0,8.0,16.0,26.0,51.0
2024-09-08,38.0,23.0,10.0,17.0,26.0,53.0
2024-09-09,29.0,26.0,7.0,13.0,26.0,58.0
2024-09-10,30.0,19.0,3.0,6.0,21.0,74.0
2024-09-11,36.5,21.0,3.0,5.0,21.0,66.0
2024-09-12,43.0,19.0,7.0,12.0,22.0,60.0
2024-09-13,36.0,17.0,4.0,7.0,22.0,62.0
2024-09-14,35.0,21.0,2.0,6.0,21.0,54.0
2024-09-15,32.0,18.0,2.0,5.0,17.0,59.0
2024-09-16,45.0,14.0,2.0,5.0,18.0,59.0
2024-09-17,48.0,14.0,3.0,7.0,19.0,58.0
2024-09-18,43.0,5.0,6.0,10.0,18.0,77.0
2024-09-19,35.0,9.0,9.0,14.0,19.0,73.0
2024-09-20,36.333333333333336,17.5,6.0,11.0,20.0,68.0
2024-09-21,37.666666666666664,26.0,5.0,10.0,21.0,56.0
2024-09-22,39.0,24.0,5.0,11.0,20.0,51.0
2024-09-23,39.0,15.0,6.0,12.0,20.0,53.0
2024-09-24,45.0,20.0,6.0,12.0,20.0,60.0
2024-09-25,46.5,20.5,8.0,14.0,22.0,63.0
2024-09-26,48.0,21.0,6.0,12.0,22.0,57.0
2024-09-27,47.0,21.5,6.0,12.0,23.0,55.0
2024-09-28,46.0,22.0,8.0,15.0,23.0,55.0
2024-09-29,25.0,24.333333333333332,4.0,7.0,19.0,60.0
2024-09-30,22.0,26.666666666666668,1.0,4.0,17.0,44.0
2024-10-01,39.0,29.0,3.0,8.0,16.0,43.0
2024-10-02,46.5,15.0,6.0,12.0,17.0,48.0
2024-10-03,54.0,11.0,7.0,14.0,18.0,55.0
2024-10-04,43.0,11.5,6.0,11.0,19.0,71.0
2024-10-05,32.0,12.0,6.0,11.0,20.0,73.0
2024-10-06,28.0,16.0,4.0,7.0,18.0,68.0
2024-10-07,33.0,11.0,5.0,10.0,17.0,67.0
2024-10-08,34.5,10.666666666666666,5.0,11.0,17.0,65.0
2024-10-09,36.0,10.333333333333334,6.0,11.0,17.0,72.0
2024-10-10,41.0,10.0,6.0,13.0,20.0,68.0
2024-10-11,29.0,16.0,7.0,13.0,21.0,71.0
2024-10-12,25.0,28.0,4.0,6.0,19.0,60.0
2024-10-13,33.0,13.0,8.0,12.0,16.0,62.0
2024-10-14,39.5,10.0,8.0,15.0,17.0,61.0
2024-10-15,46.0,8.0,10.0,18.0,17.0,63.0
2024-10-16,44.25,9.666666666666666,8.0,14.0,18.0,61.0
2024-10-17,42.5,11.333333333333334,7.0,12.0,17.0,60.0
2024-10-18,40.75,13.0,7.0,13.0,17.0,64.0
2024-10-19,39.0,15.0,6.0,11.0,15.0,67.0
2024-10-20,34.0,18.0,7.0,12.0,15.0,64.0
2024-10-21,34.0,8.0,13.0,23.0,14.0,65.0
2024-10-22,38.0,8.0,14.0,25.0,14.0,65.0
2024-10-23,42.0,8.0,18.0,29.0,15.0,63.0
2024-10-24,50.0,9.0,15.0,26.0,15.0,60.0
2024-10-25,52.0,10.5,14.0,24.0,16.0,62.0
2024-10-26,44.0,12.0,18.0,28.0,15.0,64.0
2024-10-27,28.0,25.0,22.0,33.0,16.0,65.0
2024-10-28,38.0,16.0,22.0,35.0,16.0,66.0
2024-10-29,34.0,22.0,22.0,37.0,17.0,68.0
2024-10-30,30.0,23.0,19.0,33.0,16.0,64.0
2024-10-31,31.0,23.0,14.0,23.0,16.0,60.0
2024-11-01,32.0,23.0,15.0,24.0,15.0,60.0
2024-11-02,32.0,24.0,15.0,27.0,15.0,58.0
2024-11-03,33.25,23.2,15.0,26.0,13.0,63.0
2024-11-04,34.5,22.4,15.0,28.0,13.0,57.0
2024-11-05,35.75,21.6,16.0,26.0,11.0,53.0
2024-11-06,37.0,20.8,20.0,36.0,11.0,57.0
2024-11-07,37.0,20.0,29.0,47.0,10.0,61.0
2024-11-08,39.0,18.5,28.0,47.0,10.0,60.0
2024-11-09,41.0,17.0,28.0,49.0,10.0,55.0
2024-11-10,34.0,21.0,38.0,67.0,8.0,59.0
2024-11-11,29.25,13.0,32.0,56.0,7.0,69.0
2024-11-12,24.5,14.0,19.0,32.0,9.0,66.0
2024-11-13,19.75,14.0,13.0,22.0,10.0,63.0
2024-11-14,15.0,16.5,9.0,15.0,9.0,70.0
2024-11-15,18.5,19.0,12.0,21.0,7.0,69.0
2024-11-16,22.0,22.0,15.0,26.0,7.0,62.0
2024-11-17,22.0,27.0,21.0,36.0,8.0,58.0
2024-11-18,30.5,14.0,39.0,66.0,7.0,62.0
2024-11-19,39.0,13.0,41.0,67.0,9.0,62.0
2024-11-20,37.0,14.666666666666666,30.0,48.0,11.0,67.0
2024-11-21,31.5,16.333333333333332,9.0,15.0,7.0,62.0
2024-11-22,26.0,18.0,13.0,21.0,8.0,68.0
2024-11-23,30.0,17.0,4.0,8.0,7.0,50.0
2024-11-24,34.0,16.0,17.0,31.0,6.0,52.0
2024-11-25,38.0,15.0,36.0,60.0,5.0,56.0
2024-11-26,42.0,14.0,40.0,68.0,7.0,57.0
2024-11-27,39.0,14.0,43.0,72.0,10.0,61.0
2024-11-28,36.0,14.0,45.0,69.0,10.0,66.0
2024-11-29,24.0,16.0,25.0,40.0,8.0,73.0
2024-11-30,17.0,18.0,8.0,12.0,7.0,74.0
2024-12-01,14.0,23.0,5.0,8.0,8.0,75.0
2024-12-02,14.0,23.0,5.0,8.0,8.0,75.0
2024-12-03,14.0,23.0,5.0,8.0,8.0,75.0
2024-12-04,14.0,23.0,5.0,8.0,8.0,75.0
2024-12-05,14.0,23.0,5.0,8.0,8.0,75.0
2024-12-06,14.0,23.0,5.0,8.0,8.0,75.0
2024-12-07,14.0,23.0,5.0,8.0,8.0,75.0
2024-12-08,14.0,23.0,5.0,8.0,8.0,75.0
2024-12-09,14.0,23.0,5.0,8.0,8.0,75.0
2024-12-10,14.0,23.0,5.0,8.0,8.0,75.0
2024-12-11,14.0,23.0,5.0,8.0,8.0,75.0
2024-12-12,14.0,23.0,5.0,8.0,8.0,75.0
2024-12-13,14.0,23.0,5.0,8.0,8.0,75.0
2024-12-14,14.0,23.0,5.0,8.0,8.0,75.0
2024-12-15,14.0,23.0,5.0,8.0,8.0,75.0
2024-12-16,14.0,23.0,5.0,8.0,8.0,75.0
2024-12-17,14.0,23.0,5.0,8.0,8.0,75.0
2024-12-18,14.0,23.0,5.0,8.0,8.0,75.0
2024-12-19,14.0,23.0,5.0,8.0,8.0,75.0
2024-12-20,14.0,23.0,5.0,8.0,8.0,75.0
2024-12-21,14.0,23.0,5.0,8.0,8.0,75.0
2024-12-22,14.0,23.0,5.0,8.0,8.0,75.0
2024-12-23,14.0,23.0,5.0,8.0,8.0,75.0
2024-12-24,14.0,23.0,5.0,8.0,8.0,75.0
2024-12-25,14.0,23.0,5.0,8.0,8.0,75.0
2024-12-26,14.0,23.0,5.0,8.0,8.0,75.0
2024-12-27,14.0,23.0,5.0,8.0,8.0,75.0
2024-12-28,14.0,23.0,5.0,8.0,8.0,75.0
2024-12-29,14.0,23.0,5.0,8.0,8.0,75.0
2024-12-30,14.0,23.0,5.0,8.0,8.0,75.0
2024-12-31,14.0,23.0,5.0,8.0,8.0,75.0
